accession	plasmid_name	organism	source	length_bp	topology	local_fasta	notes
NA	BAR001_KPC_2	not recorded in local FASTA header	This study	77141	circular	data/plasmid_references/references_34/BAR001_KPC_2.fasta	Closed plasmid generated in this study; accession not assigned in local filename.
NA	CBO001_OXA_48L	not recorded in local FASTA header	This study	149728	circular	data/plasmid_references/references_34/CBO001_OXA_48L.fasta	Closed plasmid generated in this study; accession not assigned in local filename.
NA	COS001_NDM_5	not recorded in local FASTA header	This study	97647	circular	data/plasmid_references/references_34/COS001_NDM_5.fasta	Closed plasmid generated in this study; accession not assigned in local filename.
CP166596.1	CP166596.1_pM25992_249_IncFIB_IncHI1B_blaNDM-5	not recorded in local FASTA header	GenBank	249062	circular	data/plasmid_references/references_34/CP166596.1_pM25992_249_IncFIB_IncHI1B_blaNDM-5.fasta	Previously available local GenBank reference; accession inferred from filename where possible.
CP166597.1	CP166597.1_pM25992_10_IncFIB_pQil_IncFII_K_blaKPC-2_	not recorded in local FASTA header	GenBank	106787	circular	data/plasmid_references/references_34/CP166597.1_pM25992_10_IncFIB_pQil_IncFII_K_blaKPC-2_.fasta	Previously available local GenBank reference; accession inferred from filename where possible.
CP166600.1	CP166600.1_pM25979_249_IncFIB-IncHI1B_blaNDM-5_	not recorded in local FASTA header	GenBank	249264	circular	data/plasmid_references/references_34/CP166600.1_pM25979_249_IncFIB-IncHI1B_blaNDM-5_.fasta	Previously available local GenBank reference; accession inferred from filename where possible.
CP166602.1	CP166602.1_pM25979_84_IncM1_blaKPC-2	not recorded in local FASTA header	GenBank	84276	circular	data/plasmid_references/references_34/CP166602.1_pM25979_84_IncM1_blaKPC-2.fasta	Previously available local GenBank reference; accession inferred from filename where possible.
CP166604.1	CP166604.1_pM27284_154_IncC_blaNDM-1	not recorded in local FASTA header	GenBank	154458	circular	data/plasmid_references/references_34/CP166604.1_pM27284_154_IncC_blaNDM-1.fasta	Previously available local GenBank reference; accession inferred from filename where possible.
CP166605.1	CP166605.1_pM27284_79_IncR_blaKPC-3_	not recorded in local FASTA header	GenBank	79415	circular	data/plasmid_references/references_34/CP166605.1_pM27284_79_IncR_blaKPC-3_.fasta	Previously available local GenBank reference; accession inferred from filename where possible.
NA	HCU002_NDM_1	not recorded in local FASTA header	This study	150789	circular	data/plasmid_references/references_34/HCU002_NDM_1.fasta	Closed plasmid generated in this study; accession not assigned in local filename.
MH995507.1	MH995507.1_pM17277_NDM	not recorded in local FASTA header	GenBank	138998	circular	data/plasmid_references/references_34/MH995507.1_pM17277_NDM.fasta	Previously available local GenBank reference; accession inferred from filename where possible.
MN082782.1	MN082782.1_pPA2047	not recorded in local FASTA header	GenBank	43660	circular	data/plasmid_references/references_34/MN082782.1_pPA2047.fasta	Previously available local GenBank reference; accession inferred from filename where possible.
NA	PAD003_KPC_2	not recorded in local FASTA header	This study	21651	circular	data/plasmid_references/references_34/PAD003_KPC_2.fasta	Closed plasmid generated in this study; accession not assigned in local filename.
NA	PAD003_NDM_5	not recorded in local FASTA header	This study	130638	circular	data/plasmid_references/references_34/PAD003_NDM_5.fasta	Closed plasmid generated in this study; accession not assigned in local filename.
PQ241462.1	pEco265-NDM5	Escherichia coli	GenBank	104782	circular	data/plasmid_references/references_34/PQ241462.1.fasta	NCBI header says pEco265-NDM5; manuscript/review text mentions pEco256-NDM5, so this discrepancy must be checked and not silently renamed.
PQ241463.1	pM144-NDM5	Klebsiella pneumoniae subsp. pneumoniae	GenBank	97651	circular	data/plasmid_references/references_34/PQ241463.1.fasta	Added missing GenBank reference for manuscript 34-reference framework.
PQ247031.1	pM40-NDM5	Klebsiella pneumoniae subsp. pneumoniae	GenBank	258482	circular	data/plasmid_references/references_34/PQ247031.1.fasta	Added missing GenBank reference for manuscript 34-reference framework.
PQ247032.1	pM366-NDM5	Klebsiella pneumoniae subsp. pneumoniae	GenBank	252810	circular	data/plasmid_references/references_34/PQ247032.1.fasta	Added missing GenBank reference for manuscript 34-reference framework.
NA	ROS002_KPC_2	not recorded in local FASTA header	This study	77141	circular	data/plasmid_references/references_34/ROS002_KPC_2.fasta	Closed plasmid generated in this study; accession not assigned in local filename.
NA	VLP001_OXA_439	not recorded in local FASTA header	This study	338985	circular	data/plasmid_references/references_34/VLP001_OXA_439.fasta	Closed plasmid generated in this study; accession not assigned in local filename.
NA	ZAC001_KPC_2	not recorded in local FASTA header	This study	148374	circular	data/plasmid_references/references_34/ZAC001_KPC_2.fasta	Closed plasmid generated in this study; accession not assigned in local filename.
NA	ZAG001_KPC_2	not recorded in local FASTA header	This study	232044	circular	data/plasmid_references/references_34/ZAG001_KPC_2.fasta	Closed plasmid generated in this study; accession not assigned in local filename.
NA	ZCA001_NDM_5	not recorded in local FASTA header	This study	255709	circular	data/plasmid_references/references_34/ZCA001_NDM_5.fasta	Closed plasmid generated in this study; accession not assigned in local filename.
NA	ZCA001_OXA_163	not recorded in local FASTA header	This study	134201	circular	data/plasmid_references/references_34/ZCA001_OXA_163.fasta	Closed plasmid generated in this study; accession not assigned in local filename.
NA	ZCU001_KPC_2	not recorded in local FASTA header	This study	76609	circular	data/plasmid_references/references_34/ZCU001_KPC_2.fasta	Closed plasmid generated in this study; accession not assigned in local filename.
NA	ZCU001_OXA_163	not recorded in local FASTA header	This study	131526	circular	data/plasmid_references/references_34/ZCU001_OXA_163.fasta	Closed plasmid generated in this study; accession not assigned in local filename.
NA	ZCV001_KPC_3	not recorded in local FASTA header	This study	167061	circular	data/plasmid_references/references_34/ZCV001_KPC_3.fasta	Closed plasmid generated in this study; accession not assigned in local filename.
NA	ZDA001_NDM_5	not recorded in local FASTA header	This study	456203	circular	data/plasmid_references/references_34/ZDA001_NDM_5.fasta	Closed plasmid generated in this study; accession not assigned in local filename.
NA	ZDA002_KPC_2	not recorded in local FASTA header	This study	73455	circular	data/plasmid_references/references_34/ZDA002_KPC_2.fasta	Closed plasmid generated in this study; accession not assigned in local filename.
NA	ZDZ001_KPC_2	not recorded in local FASTA header	This study	75350	circular	data/plasmid_references/references_34/ZDZ001_KPC_2.fasta	Closed plasmid generated in this study; accession not assigned in local filename.
NA	ZEI002_KPC_2	not recorded in local FASTA header	This study	54777	circular	data/plasmid_references/references_34/ZEI002_KPC_2.fasta	Closed plasmid generated in this study; accession not assigned in local filename.
OL780449.1	pHdC_pae_OL780449.1	not recorded in local FASTA header	GenBank	42750	circular	data/plasmid_references/references_34/pHdC_pae_OL780449.1.fasta	Previously available local GenBank reference; accession inferred from filename where possible.
CP080103.1	pWW14A-KPC2_CP080103.1	not recorded in local FASTA header	GenBank	40407	circular	data/plasmid_references/references_34/pWW14A-KPC2_CP080103.1.fasta	Previously available local GenBank reference; accession inferred from filename where possible.
CP080110.1	pWW19C-KPC2_CP080110.1	not recorded in local FASTA header	GenBank	34721	circular	data/plasmid_references/references_34/pWW19C-KPC2_CP080110.1.fasta	Previously available local GenBank reference; accession inferred from filename where possible.
