sample	representative_id	representative_name	cluster_id	representative_length_bp	filtered_hsp_count	raw_hsp_bp	merged_covered_bp	coverage_percent	weighted_pident	max_pident	best_bitscore	best_evalue	merged_interval_count	assigned_70pct
ATB_HCF003.contigs	SEQ__ZDA002_KPC_2__00001	pZDA002_73	C01	73455	15	17038	17026	23.178817	99.324999	100.000000	9156.000000	0.0	12	False
ATB_HCF003.contigs	SEQ__ZCU001_KPC_2__00001	pZCU001_77	C02	76609	14	68162	66938	87.376157	99.847479	100.000000	86234.000000	0.0	3	True
ATB_HCF003.contigs	SEQ__CP166596.1_pM25992_249_IncFIB_IncHI1B_blaNDM-5__00001	pM25992_249	C03	249062	20	17643	16055	6.446186	99.750628	100.000000	5125.000000	0.0	16	False
ATB_HCF003.contigs	SEQ__CBO001_OXA_48L__00001	pCBO001_150	C04	149728	11	6154	5916	3.951165	98.976358	100.000000	1640.000000	0.0	6	False
ATB_HCF003.contigs	SEQ__pWW19C-KPC2_CP080110.1__00001	pWW19C-KPC2	C05	34721	5	9224	9065	26.108119	99.403354	99.844000	14181.000000	0.0	2	False
ATB_HCF003.contigs	SEQ__PQ241463.1__00001	PQ241463.1	C06	97651	8	9196	7953	8.144310	99.902317	100.000000	6274.000000	0.0	6	False
ATB_HCF003.contigs	SEQ__PAD003_KPC_2__00001	pPAD003_22	S01	21651	6	8751	8747	40.399982	99.805942	100.000000	9014.000000	0.0	5	False
ATB_HCF003.contigs	SEQ__CP166597.1_pM25992_10_IncFIB_pQil_IncFII_K_blaKPC-2___00001	pM25992_107	S03	106787	8	11317	11310	10.591177	99.372744	100.000000	9156.000000	0.0	6	False
ATB_HCF003.contigs	SEQ__VLP001_OXA_439__00001	pVLP001_339	S04	338985	56	63974	60432	17.827337	99.365427	100.000000	13239.000000	0.0	25	False
ATB_HCF003.contigs	SEQ__MN082782.1_pPA2047__00001	pPA2047_44	S05	43660	4	3375	3221	7.377462	98.903993	99.952000	3818.000000	0.0	2	False
ATB_HCF003.contigs	SEQ__pHdC_pae_OL780449.1__00001	pHdC_pae	S06	42750	6	7188	7180	16.795322	98.386336	100.000000	4388.000000	0.0	4	False
ATB_JP2001.contigs	SEQ__ZDA002_KPC_2__00001	pZDA002_73	C01	73455	20	16710	15731	21.415833	99.455508	100.000000	5419.000000	0.0	12	False
ATB_JP2001.contigs	SEQ__ZCU001_KPC_2__00001	pZCU001_77	C02	76609	11	67880	67185	87.698573	99.862723	100.000000	54187.000000	0.0	7	True
ATB_JP2001.contigs	SEQ__CP166596.1_pM25992_249_IncFIB_IncHI1B_blaNDM-5__00001	pM25992_249	C03	249062	23	16947	15803	6.345006	99.262455	100.000000	5086.000000	0.0	11	False
ATB_JP2001.contigs	SEQ__CBO001_OXA_48L__00001	pCBO001_150	C04	149728	10	7819	7504	5.011755	98.350104	100.000000	3701.000000	0.0	6	False
ATB_JP2001.contigs	SEQ__pWW19C-KPC2_CP080110.1__00001	pWW19C-KPC2	C05	34721	5	11111	11032	31.773278	99.379009	100.000000	9363.000000	0.0	4	False
ATB_JP2001.contigs	SEQ__PQ241463.1__00001	PQ241463.1	C06	97651	13	7728	6833	6.997368	99.818838	100.000000	3121.000000	0.0	5	False
ATB_JP2001.contigs	SEQ__PAD003_KPC_2__00001	pPAD003_22	S01	21651	9	11059	10826	50.002309	99.665329	100.000000	8977.000000	0.0	6	False
ATB_JP2001.contigs	SEQ__CP166597.1_pM25992_10_IncFIB_pQil_IncFII_K_blaKPC-2___00001	pM25992_107	S03	106787	15	29991	29776	27.883544	97.649462	100.000000	22519.000000	0.0	13	False
ATB_JP2001.contigs	SEQ__VLP001_OXA_439__00001	pVLP001_339	S04	338985	34	31943	30085	8.875024	98.581862	100.000000	7188.000000	0.0	23	False
ATB_JP2001.contigs	SEQ__MN082782.1_pPA2047__00001	pPA2047_44	S05	43660	2	3369	3369	7.716445	99.970311	100.000000	3823.000000	0.0	2	False
ATB_JP2001.contigs	SEQ__pHdC_pae_OL780449.1__00001	pHdC_pae	S06	42750	7	7001	6844	16.009357	99.428703	100.000000	3807.000000	0.0	4	False
FAV001.contigs	SEQ__ZDA002_KPC_2__00001	pZDA002_73	C01	73455	23	19174	17953	24.440814	99.661127	100.000000	6545.000000	0.0	12	False
FAV001.contigs	SEQ__ZCU001_KPC_2__00001	pZCU001_77	C02	76609	5	7625	7399	9.658134	98.963990	100.000000	5011.000000	0.0	3	False
FAV001.contigs	SEQ__CP166596.1_pM25992_249_IncFIB_IncHI1B_blaNDM-5__00001	pM25992_249	C03	249062	27	31588	29848	11.984165	99.889219	100.000000	10360.000000	0.0	8	False
FAV001.contigs	SEQ__CBO001_OXA_48L__00001	pCBO001_150	C04	149728	9	18005	17422	11.635766	99.766753	100.000000	17450.000000	0.0	2	False
FAV001.contigs	SEQ__pWW19C-KPC2_CP080110.1__00001	pWW19C-KPC2	C05	34721	6	5992	5837	16.811152	97.830601	100.000000	4697.000000	0.0	4	False
FAV001.contigs	SEQ__PQ241463.1__00001	PQ241463.1	C06	97651	17	99317	97602	99.949821	99.942552	100.000000	47707.000000	0.0	3	True
FAV001.contigs	SEQ__PAD003_KPC_2__00001	pPAD003_22	S01	21651	9	15717	15273	70.541776	99.459326	100.000000	14958.000000	0.0	2	True
FAV001.contigs	SEQ__CP166597.1_pM25992_10_IncFIB_pQil_IncFII_K_blaKPC-2___00001	pM25992_107	S03	106787	20	31956	29412	27.542678	99.249055	100.000000	30166.000000	0.0	7	False
FAV001.contigs	SEQ__VLP001_OXA_439__00001	pVLP001_339	S04	338985	42	37106	34673	10.228476	99.011008	100.000000	7685.000000	0.0	24	False
FAV001.contigs	SEQ__MN082782.1_pPA2047__00001	pPA2047_44	S05	43660	1	1284	1284	2.940907	97.118000	97.118000	2167.000000	0.0	1	False
FAV001.contigs	SEQ__pHdC_pae_OL780449.1__00001	pHdC_pae	S06	42750	6	6074	5842	13.665497	98.600501	100.000000	6137.000000	0.0	3	False
FAV002.contigs	SEQ__ZDA002_KPC_2__00001	pZDA002_73	C01	73455	17	14418	14256	19.407801	99.084454	100.000000	6508.000000	0.0	12	False
FAV002.contigs	SEQ__ZCU001_KPC_2__00001	pZCU001_77	C02	76609	4	11456	11318	14.773721	99.074977	99.556000	11090.000000	0.0	3	False
FAV002.contigs	SEQ__CP166596.1_pM25992_249_IncFIB_IncHI1B_blaNDM-5__00001	pM25992_249	C03	249062	16	18634	18551	7.448346	99.538519	100.000000	7688.000000	0.0	14	False
FAV002.contigs	SEQ__CBO001_OXA_48L__00001	pCBO001_150	C04	149728	8	8898	8866	5.921404	98.572529	100.000000	6540.000000	0.0	6	False
FAV002.contigs	SEQ__pWW19C-KPC2_CP080110.1__00001	pWW19C-KPC2	C05	34721	5	12248	12158	35.016273	99.412063	99.981000	9681.000000	0.0	4	False
FAV002.contigs	SEQ__PQ241463.1__00001	PQ241463.1	C06	97651	7	9107	9030	9.247217	99.889998	100.000000	7134.000000	0.0	4	False
FAV002.contigs	SEQ__PAD003_KPC_2__00001	pPAD003_22	S01	21651	5	12378	12349	57.036626	99.992069	100.000000	18124.000000	0.0	3	False
FAV002.contigs	SEQ__CP166597.1_pM25992_10_IncFIB_pQil_IncFII_K_blaKPC-2___00001	pM25992_107	S03	106787	8	6249	6051	5.666420	99.231889	100.000000	3823.000000	0.0	4	False
FAV002.contigs	SEQ__VLP001_OXA_439__00001	pVLP001_339	S04	338985	28	41284	40977	12.088145	99.338609	100.000000	11274.000000	0.0	23	False
FAV002.contigs	SEQ__MN082782.1_pPA2047__00001	pPA2047_44	S05	43660	2	3355	3355	7.684379	98.926805	100.000000	3823.000000	0.0	2	False
FAV002.contigs	SEQ__pHdC_pae_OL780449.1__00001	pHdC_pae	S06	42750	5	7366	7366	17.230409	99.945721	100.000000	6977.000000	0.0	5	False
GUT001.contigs	SEQ__ZDA002_KPC_2__00001	pZDA002_73	C01	73455	18	13921	13268	18.062760	98.563214	100.000000	3742.000000	0.0	12	False
GUT001.contigs	SEQ__ZCU001_KPC_2__00001	pZCU001_77	C02	76609	4	7121	6484	8.463758	99.480192	100.000000	7938.000000	0.0	2	False
GUT001.contigs	SEQ__CP166596.1_pM25992_249_IncFIB_IncHI1B_blaNDM-5__00001	pM25992_249	C03	249062	32	34568	30753	12.347528	99.132103	100.000000	8360.000000	0.0	18	False
GUT001.contigs	SEQ__CBO001_OXA_48L__00001	pCBO001_150	C04	149728	16	107057	106386	71.052842	98.743669	100.000000	45901.000000	0.0	12	True
GUT001.contigs	SEQ__pWW19C-KPC2_CP080110.1__00001	pWW19C-KPC2	C05	34721	3	1843	1206	3.473402	97.721190	98.978000	1227.000000	0.0	1	False
GUT001.contigs	SEQ__PQ241463.1__00001	PQ241463.1	C06	97651	12	10588	10368	10.617403	99.726138	100.000000	5768.000000	0.0	10	False
GUT001.contigs	SEQ__PAD003_KPC_2__00001	pPAD003_22	S01	21651	1	820	820	3.787354	100.000000	100.000000	1515.000000	0.0	1	False
GUT001.contigs	SEQ__CP166597.1_pM25992_10_IncFIB_pQil_IncFII_K_blaKPC-2___00001	pM25992_107	S03	106787	7	2912	2560	2.397296	99.759690	100.000000	1515.000000	0.0	4	False
GUT001.contigs	SEQ__VLP001_OXA_439__00001	pVLP001_339	S04	338985	56	36633	32373	9.549980	98.984561	100.000000	2948.000000	0.0	31	False
GUT001.contigs	SEQ__MN082782.1_pPA2047__00001	pPA2047_44	S05	43660	3	1834	1197	2.741640	98.146094	100.000000	1249.000000	0.0	1	False
GUT001.contigs	SEQ__pHdC_pae_OL780449.1__00001	pHdC_pae	S06	42750	1	1354	1354	3.167251	99.926000	99.926000	2495.000000	0.0	1	False
HCE001.contigs	SEQ__ZDA002_KPC_2__00001	pZDA002_73	C01	73455	19	18887	18209	24.789327	99.539454	100.000000	9040.000000	0.0	13	False
HCE001.contigs	SEQ__ZCU001_KPC_2__00001	pZCU001_77	C02	76609	6	8537	8097	10.569254	98.488965	100.000000	5011.000000	0.0	2	False
HCE001.contigs	SEQ__CP166596.1_pM25992_249_IncFIB_IncHI1B_blaNDM-5__00001	pM25992_249	C03	249062	22	30086	28931	11.615983	99.857099	100.000000	12408.000000	0.0	9	False
HCE001.contigs	SEQ__CBO001_OXA_48L__00001	pCBO001_150	C04	149728	5	17652	17422	11.635766	99.773416	100.000000	26376.000000	0.0	2	False
HCE001.contigs	SEQ__pWW19C-KPC2_CP080110.1__00001	pWW19C-KPC2	C05	34721	6	6128	5838	16.814032	97.862387	100.000000	4697.000000	0.0	4	False
HCE001.contigs	SEQ__PQ241463.1__00001	PQ241463.1	C06	97651	16	99021	97612	99.960062	99.947426	100.000000	47709.000000	0.0	2	True
HCE001.contigs	SEQ__PAD003_KPC_2__00001	pPAD003_22	S01	21651	8	15447	15148	69.964436	99.456530	100.000000	14958.000000	0.0	3	False
HCE001.contigs	SEQ__CP166597.1_pM25992_10_IncFIB_pQil_IncFII_K_blaKPC-2___00001	pM25992_107	S03	106787	16	30585	28759	26.931181	99.405012	100.000000	30167.000000	0.0	6	False
HCE001.contigs	SEQ__VLP001_OXA_439__00001	pVLP001_339	S04	338985	37	35941	34673	10.228476	99.067985	100.000000	7685.000000	0.0	24	False
HCE001.contigs	SEQ__MN082782.1_pPA2047__00001	pPA2047_44	S05	43660	1	1284	1284	2.940907	97.118000	97.118000	2167.000000	0.0	1	False
HCE001.contigs	SEQ__pHdC_pae_OL780449.1__00001	pHdC_pae	S06	42750	5	6233	5941	13.897076	98.636403	100.000000	6820.000000	0.0	2	False
HCF002.contigs	SEQ__ZDA002_KPC_2__00001	pZDA002_73	C01	73455	21	22634	22108	30.097339	99.151742	100.000000	5419.000000	0.0	15	False
HCF002.contigs	SEQ__ZCU001_KPC_2__00001	pZCU001_77	C02	76609	2	5266	5189	6.773356	99.791364	100.000000	6658.000000	0.0	1	False
HCF002.contigs	SEQ__CP166596.1_pM25992_249_IncFIB_IncHI1B_blaNDM-5__00001	pM25992_249	C03	249062	22	33683	32074	12.877918	99.661592	100.000000	11003.000000	0.0	10	False
HCF002.contigs	SEQ__CBO001_OXA_48L__00001	pCBO001_150	C04	149728	7	6361	6361	4.248370	99.591423	100.000000	4037.000000	0.0	6	False
HCF002.contigs	SEQ__pWW19C-KPC2_CP080110.1__00001	pWW19C-KPC2	C05	34721	2	2807	2807	8.084445	99.180733	99.722000	3738.000000	0.0	2	False
HCF002.contigs	SEQ__PQ241463.1__00001	PQ241463.1	C06	97651	12	98481	97490	99.835127	99.949293	100.000000	108900.000000	0.0	3	True
HCF002.contigs	SEQ__PAD003_KPC_2__00001	pPAD003_22	S01	21651	3	4384	4384	20.248487	99.954404	100.000000	4137.000000	0.0	2	False
HCF002.contigs	SEQ__CP166597.1_pM25992_10_IncFIB_pQil_IncFII_K_blaKPC-2___00001	pM25992_107	S03	106787	13	19111	18411	17.240863	98.105891	100.000000	6878.000000	0.0	10	False
HCF002.contigs	SEQ__VLP001_OXA_439__00001	pVLP001_339	S04	338985	25	28218	28127	8.297417	98.961639	100.000000	7131.000000	0.0	22	False
HCF002.contigs	SEQ__MN082782.1_pPA2047__00001	pPA2047_44	S05	43660	0	0	0	0.000000	0.000000	0.000000	0.000000		0	False
HCF002.contigs	SEQ__pHdC_pae_OL780449.1__00001	pHdC_pae	S06	42750	4	5365	5356	12.528655	98.881478	99.955000	4143.000000	0.0	2	False
HCM001.contigs	SEQ__ZDA002_KPC_2__00001	pZDA002_73	C01	73455	16	17298	17204	23.421142	99.202235	100.000000	5419.000000	0.0	12	False
HCM001.contigs	SEQ__ZCU001_KPC_2__00001	pZCU001_77	C02	76609	11	75960	74908	97.779634	99.939395	100.000000	86435.000000	0.0	3	True
HCM001.contigs	SEQ__CP166596.1_pM25992_249_IncFIB_IncHI1B_blaNDM-5__00001	pM25992_249	C03	249062	16	21454	21346	8.570557	99.720427	100.000000	7513.000000	0.0	12	False
HCM001.contigs	SEQ__CBO001_OXA_48L__00001	pCBO001_150	C04	149728	11	9550	9387	6.269368	98.764327	100.000000	4695.000000	0.0	7	False
HCM001.contigs	SEQ__pWW19C-KPC2_CP080110.1__00001	pWW19C-KPC2	C05	34721	5	15453	15337	44.172115	99.941610	100.000000	11684.000000	0.0	3	False
HCM001.contigs	SEQ__PQ241463.1__00001	PQ241463.1	C06	97651	8	5804	5788	5.927231	99.741598	100.000000	1528.000000	0.0	5	False
HCM001.contigs	SEQ__PAD003_KPC_2__00001	pPAD003_22	S01	21651	8	12161	12074	55.766477	99.695727	100.000000	8916.000000	0.0	6	False
HCM001.contigs	SEQ__CP166597.1_pM25992_10_IncFIB_pQil_IncFII_K_blaKPC-2___00001	pM25992_107	S03	106787	18	34560	34098	31.930853	97.942891	100.000000	22524.000000	0.0	13	False
HCM001.contigs	SEQ__VLP001_OXA_439__00001	pVLP001_339	S04	338985	31	30828	30413	8.971783	98.796643	100.000000	4032.000000	0.0	26	False
HCM001.contigs	SEQ__MN082782.1_pPA2047__00001	pPA2047_44	S05	43660	2	3252	3252	7.448465	99.938574	100.000000	3823.000000	0.0	2	False
HCM001.contigs	SEQ__pHdC_pae_OL780449.1__00001	pHdC_pae	S06	42750	7	7655	7567	17.700585	99.529773	100.000000	4783.000000	0.0	4	False
HCU001.contigs	SEQ__ZDA002_KPC_2__00001	pZDA002_73	C01	73455	15	13976	13738	18.702607	99.191407	100.000000	6034.000000	0.0	8	False
HCU001.contigs	SEQ__ZCU001_KPC_2__00001	pZCU001_77	C02	76609	4	7502	7424	9.690767	99.640309	99.918000	6708.000000	0.0	3	False
HCU001.contigs	SEQ__CP166596.1_pM25992_249_IncFIB_IncHI1B_blaNDM-5__00001	pM25992_249	C03	249062	17	19047	18373	7.376878	99.758515	100.000000	6767.000000	0.0	12	False
HCU001.contigs	SEQ__CBO001_OXA_48L__00001	pCBO001_150	C04	149728	16	120969	120759	80.652249	98.779938	100.000000	74164.000000	0.0	9	True
HCU001.contigs	SEQ__pWW19C-KPC2_CP080110.1__00001	pWW19C-KPC2	C05	34721	4	4586	4508	12.983497	99.193155	99.861000	4780.000000	0.0	3	False
HCU001.contigs	SEQ__PQ241463.1__00001	PQ241463.1	C06	97651	9	12758	12175	12.467870	99.811864	100.000000	7411.000000	0.0	6	False
HCU001.contigs	SEQ__PAD003_KPC_2__00001	pPAD003_22	S01	21651	5	6132	5979	27.615353	99.771754	100.000000	6469.000000	0.0	3	False
HCU001.contigs	SEQ__CP166597.1_pM25992_10_IncFIB_pQil_IncFII_K_blaKPC-2___00001	pM25992_107	S03	106787	5	4000	3922	3.672732	99.925018	100.000000	2126.000000	0.0	2	False
HCU001.contigs	SEQ__VLP001_OXA_439__00001	pVLP001_339	S04	338985	16	11314	11314	3.337611	99.734793	100.000000	3306.000000	0.0	16	False
HCU001.contigs	SEQ__MN082782.1_pPA2047__00001	pPA2047_44	S05	43660	0	0	0	0.000000	0.000000	0.000000	0.000000		0	False
HCU001.contigs	SEQ__pHdC_pae_OL780449.1__00001	pHdC_pae	S06	42750	5	6016	5936	13.885380	99.850257	100.000000	6475.000000	0.0	3	False
HMI-004.contigs	SEQ__ZDA002_KPC_2__00001	pZDA002_73	C01	73455	20	18218	15199	20.691580	99.582864	100.000000	5409.000000	0.0	9	False
HMI-004.contigs	SEQ__ZCU001_KPC_2__00001	pZCU001_77	C02	76609	4	7910	7818	10.205067	99.241580	100.000000	6050.000000	0.0	3	False
HMI-004.contigs	SEQ__CP166596.1_pM25992_249_IncFIB_IncHI1B_blaNDM-5__00001	pM25992_249	C03	249062	21	25007	20015	8.036152	99.884071	100.000000	6205.000000	0.0	9	False
HMI-004.contigs	SEQ__CBO001_OXA_48L__00001	pCBO001_150	C04	149728	12	9467	7822	5.224140	99.250019	100.000000	3626.000000	0.0	7	False
HMI-004.contigs	SEQ__pWW19C-KPC2_CP080110.1__00001	pWW19C-KPC2	C05	34721	3	3922	3922	11.295758	98.521078	99.722000	3620.000000	0.0	3	False
HMI-004.contigs	SEQ__PQ241463.1__00001	PQ241463.1	C06	97651	12	11731	8497	8.701396	99.735705	100.000000	6205.000000	0.0	6	False
HMI-004.contigs	SEQ__PAD003_KPC_2__00001	pPAD003_22	S01	21651	5	5268	4411	20.373193	99.923978	100.000000	3725.000000	0.0	3	False
HMI-004.contigs	SEQ__CP166597.1_pM25992_10_IncFIB_pQil_IncFII_K_blaKPC-2___00001	pM25992_107	S03	106787	7	8364	7068	6.618783	99.736970	100.000000	5409.000000	0.0	2	False
HMI-004.contigs	SEQ__VLP001_OXA_439__00001	pVLP001_339	S04	338985	45	76266	71540	21.104179	98.611437	100.000000	28989.000000	0.0	28	False
HMI-004.contigs	SEQ__MN082782.1_pPA2047__00001	pPA2047_44	S05	43660	1	1182	1182	2.707284	97.039000	97.039000	1989.000000	0.0	1	False
HMI-004.contigs	SEQ__pHdC_pae_OL780449.1__00001	pHdC_pae	S06	42750	7	6908	6745	15.777778	99.174849	100.000000	3731.000000	0.0	3	False
HMI002.contigs	SEQ__ZDA002_KPC_2__00001	pZDA002_73	C01	73455	21	16755	16427	22.363352	99.307656	100.000000	4012.000000	0.0	13	False
HMI002.contigs	SEQ__ZCU001_KPC_2__00001	pZCU001_77	C02	76609	15	71226	70152	91.571486	99.766718	100.000000	60826.000000	0.0	4	True
HMI002.contigs	SEQ__CP166596.1_pM25992_249_IncFIB_IncHI1B_blaNDM-5__00001	pM25992_249	C03	249062	22	22797	21397	8.591034	99.736866	100.000000	7688.000000	0.0	11	False
HMI002.contigs	SEQ__CBO001_OXA_48L__00001	pCBO001_150	C04	149728	12	9486	9322	6.225956	98.998457	100.000000	4043.000000	0.0	7	False
HMI002.contigs	SEQ__pWW19C-KPC2_CP080110.1__00001	pWW19C-KPC2	C05	34721	8	12260	11951	34.420092	99.355735	99.981000	9681.000000	0.0	4	False
HMI002.contigs	SEQ__PQ241463.1__00001	PQ241463.1	C06	97651	9	10072	9917	10.155554	99.761523	100.000000	7134.000000	0.0	5	False
HMI002.contigs	SEQ__PAD003_KPC_2__00001	pPAD003_22	S01	21651	8	12507	12342	57.004295	99.991919	100.000000	12536.000000	0.0	3	False
HMI002.contigs	SEQ__CP166597.1_pM25992_10_IncFIB_pQil_IncFII_K_blaKPC-2___00001	pM25992_107	S03	106787	8	6996	6913	6.473634	99.199581	100.000000	3823.000000	0.0	6	False
HMI002.contigs	SEQ__VLP001_OXA_439__00001	pVLP001_339	S04	338985	50	59312	56897	16.784518	99.295368	100.000000	13245.000000	0.0	29	False
HMI002.contigs	SEQ__MN082782.1_pPA2047__00001	pPA2047_44	S05	43660	3	3370	3293	7.542373	98.931825	100.000000	3823.000000	0.0	2	False
HMI002.contigs	SEQ__pHdC_pae_OL780449.1__00001	pHdC_pae	S06	42750	10	7902	7589	17.752047	99.924063	100.000000	4148.000000	0.0	5	False
HMI003.contigs	SEQ__ZDA002_KPC_2__00001	pZDA002_73	C01	73455	17	19496	19423	26.442039	98.209936	100.000000	6715.000000	0.0	13	False
HMI003.contigs	SEQ__ZCU001_KPC_2__00001	pZCU001_77	C02	76609	12	68285	67260	87.796473	99.734785	100.000000	60826.000000	0.0	5	True
HMI003.contigs	SEQ__CP166596.1_pM25992_249_IncFIB_IncHI1B_blaNDM-5__00001	pM25992_249	C03	249062	17	20362	20289	8.146164	98.963742	100.000000	7688.000000	0.0	16	False
HMI003.contigs	SEQ__CBO001_OXA_48L__00001	pCBO001_150	C04	149728	8	8285	7919	5.288924	98.310190	100.000000	6540.000000	0.0	6	False
HMI003.contigs	SEQ__pWW19C-KPC2_CP080110.1__00001	pWW19C-KPC2	C05	34721	6	12613	12189	35.105556	99.254711	99.981000	9681.000000	0.0	4	False
HMI003.contigs	SEQ__PQ241463.1__00001	PQ241463.1	C06	97651	8	9321	9252	9.474557	99.774499	100.000000	7134.000000	0.0	7	False
HMI003.contigs	SEQ__PAD003_KPC_2__00001	pPAD003_22	S01	21651	5	12379	12350	57.041245	99.983987	100.000000	18131.000000	0.0	3	False
HMI003.contigs	SEQ__CP166597.1_pM25992_10_IncFIB_pQil_IncFII_K_blaKPC-2___00001	pM25992_107	S03	106787	10	16430	16380	15.338946	97.334145	100.000000	8250.000000	0.0	8	False
HMI003.contigs	SEQ__VLP001_OXA_439__00001	pVLP001_339	S04	338985	29	33387	31047	9.158812	98.747990	100.000000	13125.000000	0.0	19	False
HMI003.contigs	SEQ__MN082782.1_pPA2047__00001	pPA2047_44	S05	43660	3	3652	3369	7.716445	98.631016	100.000000	3823.000000	0.0	2	False
HMI003.contigs	SEQ__pHdC_pae_OL780449.1__00001	pHdC_pae	S06	42750	4	7150	7150	16.725146	99.944082	100.000000	6979.000000	0.0	4	False
HMQ001.contigs	SEQ__ZDA002_KPC_2__00001	pZDA002_73	C01	73455	21	15054	14502	19.742700	99.468431	100.000000	5419.000000	0.0	11	False
HMQ001.contigs	SEQ__ZCU001_KPC_2__00001	pZCU001_77	C02	76609	3	6743	6540	8.536856	98.813320	98.979000	11045.000000	0.0	2	False
HMQ001.contigs	SEQ__CP166596.1_pM25992_249_IncFIB_IncHI1B_blaNDM-5__00001	pM25992_249	C03	249062	30	22103	20732	8.324032	99.552181	100.000000	5746.000000	0.0	10	False
HMQ001.contigs	SEQ__CBO001_OXA_48L__00001	pCBO001_150	C04	149728	12	9883	9574	6.394262	99.635855	100.000000	5668.000000	0.0	7	False
HMQ001.contigs	SEQ__pWW19C-KPC2_CP080110.1__00001	pWW19C-KPC2	C05	34721	2	2807	2807	8.084445	99.216421	99.722000	3744.000000	0.0	2	False
HMQ001.contigs	SEQ__PQ241463.1__00001	PQ241463.1	C06	97651	19	8750	7697	7.882152	98.891409	100.000000	2514.000000	0.0	7	False
HMQ001.contigs	SEQ__PAD003_KPC_2__00001	pPAD003_22	S01	21651	5	4600	4446	20.534848	99.934535	100.000000	4143.000000	0.0	2	False
HMQ001.contigs	SEQ__CP166597.1_pM25992_10_IncFIB_pQil_IncFII_K_blaKPC-2___00001	pM25992_107	S03	106787	21	34042	33263	31.148923	97.808833	100.000000	22519.000000	0.0	11	False
HMQ001.contigs	SEQ__VLP001_OXA_439__00001	pVLP001_339	S04	338985	40	31858	30739	9.067953	99.218504	100.000000	5657.000000	0.0	26	False
HMQ001.contigs	SEQ__MN082782.1_pPA2047__00001	pPA2047_44	S05	43660	1	3671	3671	8.408154	99.728000	99.728000	6724.000000	0.0	1	False
HMQ001.contigs	SEQ__pHdC_pae_OL780449.1__00001	pHdC_pae	S06	42750	4	5360	5351	12.516959	98.917964	100.000000	4148.000000	0.0	2	False
HSP001.contigs	SEQ__ZDA002_KPC_2__00001	pZDA002_73	C01	73455	21	23219	22693	30.893744	99.112762	100.000000	5419.000000	0.0	15	False
HSP001.contigs	SEQ__ZCU001_KPC_2__00001	pZCU001_77	C02	76609	2	5881	5804	7.576133	99.710684	100.000000	7703.000000	0.0	1	False
HSP001.contigs	SEQ__CP166596.1_pM25992_249_IncFIB_IncHI1B_blaNDM-5__00001	pM25992_249	C03	249062	22	33683	32074	12.877918	99.661592	100.000000	11003.000000	0.0	10	False
HSP001.contigs	SEQ__CBO001_OXA_48L__00001	pCBO001_150	C04	149728	7	6952	6952	4.643086	99.410116	100.000000	5044.000000	0.0	6	False
HSP001.contigs	SEQ__pWW19C-KPC2_CP080110.1__00001	pWW19C-KPC2	C05	34721	2	3392	3392	9.769304	99.115443	99.722000	4780.000000	0.0	2	False
HSP001.contigs	SEQ__PQ241463.1__00001	PQ241463.1	C06	97651	13	98134	97143	99.479780	99.950935	100.000000	56340.000000	0.0	4	True
HSP001.contigs	SEQ__PAD003_KPC_2__00001	pPAD003_22	S01	21651	3	4969	4969	22.950441	99.959549	100.000000	5217.000000	0.0	2	False
HSP001.contigs	SEQ__CP166597.1_pM25992_10_IncFIB_pQil_IncFII_K_blaKPC-2___00001	pM25992_107	S03	106787	13	19111	18411	17.240863	98.105891	100.000000	6878.000000	0.0	10	False
HSP001.contigs	SEQ__VLP001_OXA_439__00001	pVLP001_339	S04	338985	25	28218	28127	8.297417	98.961639	100.000000	7131.000000	0.0	22	False
HSP001.contigs	SEQ__MN082782.1_pPA2047__00001	pPA2047_44	S05	43660	0	0	0	0.000000	0.000000	0.000000	0.000000		0	False
HSP001.contigs	SEQ__pHdC_pae_OL780449.1__00001	pHdC_pae	S06	42750	4	5954	5945	13.906433	98.975296	99.929000	5223.000000	0.0	2	False
HVB003.contigs	SEQ__ZDA002_KPC_2__00001	pZDA002_73	C01	73455	13	12444	12302	16.747669	99.124019	100.000000	6510.000000	0.0	8	False
HVB003.contigs	SEQ__ZCU001_KPC_2__00001	pZCU001_77	C02	76609	11	61992	61436	80.194233	99.727519	100.000000	51893.000000	0.0	6	True
HVB003.contigs	SEQ__CP166596.1_pM25992_249_IncFIB_IncHI1B_blaNDM-5__00001	pM25992_249	C03	249062	12	15587	15510	6.227365	99.570141	100.000000	7688.000000	0.0	11	False
HVB003.contigs	SEQ__CBO001_OXA_48L__00001	pCBO001_150	C04	149728	7	7966	7935	5.299610	98.405721	100.000000	6540.000000	0.0	5	False
HVB003.contigs	SEQ__pWW19C-KPC2_CP080110.1__00001	pWW19C-KPC2	C05	34721	5	8722	8633	24.863915	99.071160	99.868000	4787.000000	0.0	4	False
HVB003.contigs	SEQ__PQ241463.1__00001	PQ241463.1	C06	97651	7	9107	9030	9.247217	99.846058	100.000000	7134.000000	0.0	4	False
HVB003.contigs	SEQ__PAD003_KPC_2__00001	pPAD003_22	S01	21651	4	8857	8827	40.769479	99.932519	100.000000	12214.000000	0.0	3	False
HVB003.contigs	SEQ__CP166597.1_pM25992_10_IncFIB_pQil_IncFII_K_blaKPC-2___00001	pM25992_107	S03	106787	6	4690	4584	4.292657	99.786827	100.000000	2940.000000	0.0	3	False
HVB003.contigs	SEQ__VLP001_OXA_439__00001	pVLP001_339	S04	338985	18	29549	29318	8.648760	98.903453	100.000000	13125.000000	0.0	15	False
HVB003.contigs	SEQ__MN082782.1_pPA2047__00001	pPA2047_44	S05	43660	2	2901	2900	6.642235	98.655945	99.813000	2940.000000	0.0	2	False
HVB003.contigs	SEQ__pHdC_pae_OL780449.1__00001	pHdC_pae	S06	42750	5	7367	7367	17.232749	99.932140	100.000000	6979.000000	0.0	5	False
HVB004.contigs	SEQ__ZDA002_KPC_2__00001	pZDA002_73	C01	73455	33	18030	16347	22.254441	99.561855	100.000000	3461.000000	0.0	15	False
HVB004.contigs	SEQ__ZCU001_KPC_2__00001	pZCU001_77	C02	76609	16	62444	61409	80.158989	99.694250	100.000000	51893.000000	0.0	7	True
HVB004.contigs	SEQ__CP166596.1_pM25992_249_IncFIB_IncHI1B_blaNDM-5__00001	pM25992_249	C03	249062	25	19540	18952	7.609350	99.477843	100.000000	6761.000000	0.0	19	False
HVB004.contigs	SEQ__CBO001_OXA_48L__00001	pCBO001_150	C04	149728	16	18732	17432	11.642445	99.754440	100.000000	17451.000000	0.0	2	False
HVB004.contigs	SEQ__pWW19C-KPC2_CP080110.1__00001	pWW19C-KPC2	C05	34721	11	9095	8506	24.498142	98.944392	100.000000	3310.000000	0.0	4	False
HVB004.contigs	SEQ__PQ241463.1__00001	PQ241463.1	C06	97651	11	10306	9998	10.238502	99.786362	100.000000	6761.000000	0.0	5	False
HVB004.contigs	SEQ__PAD003_KPC_2__00001	pPAD003_22	S01	21651	14	18936	18059	83.409542	99.741353	100.000000	14958.000000	0.0	3	True
HVB004.contigs	SEQ__CP166597.1_pM25992_10_IncFIB_pQil_IncFII_K_blaKPC-2___00001	pM25992_107	S03	106787	17	11702	10761	10.077069	98.658505	100.000000	3426.000000	0.0	10	False
HVB004.contigs	SEQ__VLP001_OXA_439__00001	pVLP001_339	S04	338985	41	48199	47259	13.941325	99.122311	100.000000	6809.000000	0.0	30	False
HVB004.contigs	SEQ__MN082782.1_pPA2047__00001	pPA2047_44	S05	43660	2	2889	2888	6.614750	98.650290	99.813000	2940.000000	0.0	2	False
HVB004.contigs	SEQ__pHdC_pae_OL780449.1__00001	pHdC_pae	S06	42750	13	8161	7526	17.604678	99.424068	100.000000	3349.000000	0.0	6	False
JAF001.contigs	SEQ__ZDA002_KPC_2__00001	pZDA002_73	C01	73455	27	72210	70883	96.498537	99.911301	100.000000	19895.000000	0.0	8	True
JAF001.contigs	SEQ__ZCU001_KPC_2__00001	pZCU001_77	C02	76609	3	5866	5865	7.655758	98.499836	100.000000	5011.000000	0.0	3	False
JAF001.contigs	SEQ__CP166596.1_pM25992_249_IncFIB_IncHI1B_blaNDM-5__00001	pM25992_249	C03	249062	20	19605	18924	7.598108	99.668531	100.000000	7688.000000	0.0	12	False
JAF001.contigs	SEQ__CBO001_OXA_48L__00001	pCBO001_150	C04	149728	4	16154	16000	10.686044	100.000000	100.000000	26378.000000	0.0	2	False
JAF001.contigs	SEQ__pWW19C-KPC2_CP080110.1__00001	pWW19C-KPC2	C05	34721	4	6182	6179	17.796146	98.592738	100.000000	4697.000000	0.0	3	False
JAF001.contigs	SEQ__PQ241463.1__00001	PQ241463.1	C06	97651	12	13350	12997	13.309644	99.737761	100.000000	7134.000000	0.0	5	False
JAF001.contigs	SEQ__PAD003_KPC_2__00001	pPAD003_22	S01	21651	7	16605	16588	76.615399	99.482378	100.000000	14958.000000	0.0	4	True
JAF001.contigs	SEQ__CP166597.1_pM25992_10_IncFIB_pQil_IncFII_K_blaKPC-2___00001	pM25992_107	S03	106787	16	34742	34143	31.972993	99.340782	100.000000	34018.000000	0.0	9	False
JAF001.contigs	SEQ__VLP001_OXA_439__00001	pVLP001_339	S04	338985	31	33191	32498	9.586855	99.337138	100.000000	11143.000000	0.0	20	False
JAF001.contigs	SEQ__MN082782.1_pPA2047__00001	pPA2047_44	S05	43660	2	9921	9921	22.723317	99.989780	100.000000	12971.000000	0.0	2	False
JAF001.contigs	SEQ__pHdC_pae_OL780449.1__00001	pHdC_pae	S06	42750	5	8406	8405	19.660819	99.024459	100.000000	6820.000000	0.0	5	False
JP2-2.contigs	SEQ__ZDA002_KPC_2__00001	pZDA002_73	C01	73455	13	14800	14525	19.774011	99.006558	100.000000	10299.000000	0.0	12	False
JP2-2.contigs	SEQ__ZCU001_KPC_2__00001	pZCU001_77	C02	76609	1	5220	5220	6.813821	99.808000	99.808000	9585.000000	0.0	1	False
JP2-2.contigs	SEQ__CP166596.1_pM25992_249_IncFIB_IncHI1B_blaNDM-5__00001	pM25992_249	C03	249062	13	14060	13964	5.606636	99.559058	100.000000	5086.000000	0.0	10	False
JP2-2.contigs	SEQ__CBO001_OXA_48L__00001	pCBO001_150	C04	149728	4	4413	4413	2.947345	99.501483	100.000000	4043.000000	0.0	4	False
JP2-2.contigs	SEQ__pWW19C-KPC2_CP080110.1__00001	pWW19C-KPC2	C05	34721	2	3455	3455	9.950750	98.060841	99.042000	3744.000000	0.0	2	False
JP2-2.contigs	SEQ__PQ241463.1__00001	PQ241463.1	C06	97651	9	5442	5137	5.260571	99.706001	100.000000	1528.000000	0.0	5	False
JP2-2.contigs	SEQ__PAD003_KPC_2__00001	pPAD003_22	S01	21651	2	3005	3005	13.879267	99.966366	100.000000	4143.000000	0.0	2	False
JP2-2.contigs	SEQ__CP166597.1_pM25992_10_IncFIB_pQil_IncFII_K_blaKPC-2___00001	pM25992_107	S03	106787	4	2480	2480	2.322380	98.911192	100.000000	1810.000000	0.0	4	False
JP2-2.contigs	SEQ__VLP001_OXA_439__00001	pVLP001_339	S04	338985	34	30230	28610	8.439901	99.235835	100.000000	8017.000000	0.0	26	False
JP2-2.contigs	SEQ__MN082782.1_pPA2047__00001	pPA2047_44	S05	43660	1	1299	1299	2.975263	97.152000	97.152000	2193.000000	0.0	1	False
JP2-2.contigs	SEQ__pHdC_pae_OL780449.1__00001	pHdC_pae	S06	42750	2	3602	3602	8.425731	99.944661	100.000000	4148.000000	0.0	2	False
PAD001.contigs	SEQ__ZDA002_KPC_2__00001	pZDA002_73	C01	73455	14	12137	12124	16.505343	99.497445	100.000000	3515.000000	0.0	11	False
PAD001.contigs	SEQ__ZCU001_KPC_2__00001	pZCU001_77	C02	76609	4	7957	7801	10.182877	98.303236	100.000000	8010.000000	0.0	2	False
PAD001.contigs	SEQ__CP166596.1_pM25992_249_IncFIB_IncHI1B_blaNDM-5__00001	pM25992_249	C03	249062	16	32523	32370	12.996764	99.710937	100.000000	14979.000000	0.0	9	False
PAD001.contigs	SEQ__CBO001_OXA_48L__00001	pCBO001_150	C04	149728	6	11817	11739	7.840217	99.949160	100.000000	10538.000000	0.0	3	False
PAD001.contigs	SEQ__pWW19C-KPC2_CP080110.1__00001	pWW19C-KPC2	C05	34721	1	720	720	2.073673	99.583000	99.583000	1314.000000	0.0	1	False
PAD001.contigs	SEQ__PQ241463.1__00001	PQ241463.1	C06	97651	20	100184	97513	99.858680	99.858355	100.000000	56054.000000	0.0	4	True
PAD001.contigs	SEQ__PAD003_KPC_2__00001	pPAD003_22	S01	21651	4	11501	11417	52.731975	99.974042	100.000000	12752.000000	0.0	1	False
PAD001.contigs	SEQ__CP166597.1_pM25992_10_IncFIB_pQil_IncFII_K_blaKPC-2___00001	pM25992_107	S03	106787	8	8660	8654	8.103983	98.106171	100.000000	3731.000000	0.0	7	False
PAD001.contigs	SEQ__VLP001_OXA_439__00001	pVLP001_339	S04	338985	27	22845	21931	6.469608	98.822592	100.000000	7734.000000	0.0	19	False
PAD001.contigs	SEQ__MN082782.1_pPA2047__00001	pPA2047_44	S05	43660	0	0	0	0.000000	0.000000	0.000000	0.000000		0	False
PAD001.contigs	SEQ__pHdC_pae_OL780449.1__00001	pHdC_pae	S06	42750	2	1661	1661	3.885380	99.698928	99.704000	1855.000000	0.0	2	False
RSP001.contigs	SEQ__ZDA002_KPC_2__00001	pZDA002_73	C01	73455	18	18739	17860	24.314206	99.535758	100.000000	5419.000000	0.0	11	False
RSP001.contigs	SEQ__ZCU001_KPC_2__00001	pZCU001_77	C02	76609	10	60666	59897	78.185331	99.823350	100.000000	54187.000000	0.0	5	True
RSP001.contigs	SEQ__CP166596.1_pM25992_249_IncFIB_IncHI1B_blaNDM-5__00001	pM25992_249	C03	249062	19	23966	23282	9.347873	99.424327	100.000000	7513.000000	0.0	12	False
RSP001.contigs	SEQ__CBO001_OXA_48L__00001	pCBO001_150	C04	149728	10	8777	8621	5.757774	98.940318	100.000000	3701.000000	0.0	7	False
RSP001.contigs	SEQ__pWW19C-KPC2_CP080110.1__00001	pWW19C-KPC2	C05	34721	7	11793	11646	33.541661	99.397933	100.000000	9363.000000	0.0	5	False
RSP001.contigs	SEQ__PQ241463.1__00001	PQ241463.1	C06	97651	9	7420	6833	6.997368	99.824774	100.000000	3121.000000	0.0	5	False
RSP001.contigs	SEQ__PAD003_KPC_2__00001	pPAD003_22	S01	21651	8	11391	11237	51.900605	99.991134	100.000000	8977.000000	0.0	5	False
RSP001.contigs	SEQ__CP166597.1_pM25992_10_IncFIB_pQil_IncFII_K_blaKPC-2___00001	pM25992_107	S03	106787	20	35888	35210	32.972178	97.887954	100.000000	20807.000000	0.0	13	False
RSP001.contigs	SEQ__VLP001_OXA_439__00001	pVLP001_339	S04	338985	29	33217	32468	9.578005	98.594161	100.000000	7188.000000	0.0	24	False
RSP001.contigs	SEQ__MN082782.1_pPA2047__00001	pPA2047_44	S05	43660	2	3369	3369	7.716445	99.970311	100.000000	3823.000000	0.0	2	False
RSP001.contigs	SEQ__pHdC_pae_OL780449.1__00001	pHdC_pae	S06	42750	8	7917	7753	18.135673	99.242183	100.000000	3807.000000	0.0	3	False
ZAN001.contigs	SEQ__ZDA002_KPC_2__00001	pZDA002_73	C01	73455	25	29384	29116	39.637874	98.961956	100.000000	5952.000000	0.0	18	False
ZAN001.contigs	SEQ__ZCU001_KPC_2__00001	pZCU001_77	C02	76609	11	76044	75139	98.081165	99.935645	100.000000	86291.000000	0.0	4	True
ZAN001.contigs	SEQ__CP166596.1_pM25992_249_IncFIB_IncHI1B_blaNDM-5__00001	pM25992_249	C03	249062	15	18686	18610	7.472035	99.502270	100.000000	7524.000000	0.0	14	False
ZAN001.contigs	SEQ__CBO001_OXA_48L__00001	pCBO001_150	C04	149728	9	9663	9651	6.445688	98.871836	100.000000	4695.000000	0.0	8	False
ZAN001.contigs	SEQ__pWW19C-KPC2_CP080110.1__00001	pWW19C-KPC2	C05	34721	4	15707	15553	44.794217	99.910708	100.000000	15437.000000	0.0	2	False
ZAN001.contigs	SEQ__PQ241463.1__00001	PQ241463.1	C06	97651	7	5151	5075	5.197079	99.941735	100.000000	1528.000000	0.0	6	False
ZAN001.contigs	SEQ__PAD003_KPC_2__00001	pPAD003_22	S01	21651	7	11731	11720	54.131449	99.676113	100.000000	9020.000000	0.0	5	False
ZAN001.contigs	SEQ__CP166597.1_pM25992_10_IncFIB_pQil_IncFII_K_blaKPC-2___00001	pM25992_107	S03	106787	12	15223	14869	13.923980	98.351070	100.000000	5413.000000	0.0	10	False
ZAN001.contigs	SEQ__VLP001_OXA_439__00001	pVLP001_339	S04	338985	29	32827	32144	9.482425	98.821174	100.000000	5782.000000	0.0	25	False
ZAN001.contigs	SEQ__MN082782.1_pPA2047__00001	pPA2047_44	S05	43660	2	3369	3369	7.716445	99.940622	100.000000	3823.000000	0.0	2	False
ZAN001.contigs	SEQ__pHdC_pae_OL780449.1__00001	pHdC_pae	S06	42750	6	7773	7755	18.140351	99.575431	100.000000	4783.000000	0.0	3	False
ZAT001.contigs	SEQ__ZDA002_KPC_2__00001	pZDA002_73	C01	73455	18	17533	16941	23.063100	99.509548	100.000000	9040.000000	0.0	13	False
ZAT001.contigs	SEQ__ZCU001_KPC_2__00001	pZCU001_77	C02	76609	5	8325	8097	10.569254	98.474499	100.000000	5011.000000	0.0	2	False
ZAT001.contigs	SEQ__CP166596.1_pM25992_249_IncFIB_IncHI1B_blaNDM-5__00001	pM25992_249	C03	249062	21	28749	27670	11.109684	99.881787	100.000000	10360.000000	0.0	10	False
ZAT001.contigs	SEQ__CBO001_OXA_48L__00001	pCBO001_150	C04	149728	5	17651	17422	11.635766	99.773403	100.000000	26376.000000	0.0	2	False
ZAT001.contigs	SEQ__pWW19C-KPC2_CP080110.1__00001	pWW19C-KPC2	C05	34721	4	5441	5440	15.667752	97.665990	100.000000	4697.000000	0.0	4	False
ZAT001.contigs	SEQ__PQ241463.1__00001	PQ241463.1	C06	97651	18	99152	97612	99.960062	99.947501	100.000000	47707.000000	0.0	2	True
ZAT001.contigs	SEQ__PAD003_KPC_2__00001	pPAD003_22	S01	21651	6	14618	14602	67.442612	99.412038	100.000000	14958.000000	0.0	3	False
ZAT001.contigs	SEQ__CP166597.1_pM25992_10_IncFIB_pQil_IncFII_K_blaKPC-2___00001	pM25992_107	S03	106787	15	29644	28596	26.778540	99.413140	100.000000	30167.000000	0.0	8	False
ZAT001.contigs	SEQ__VLP001_OXA_439__00001	pVLP001_339	S04	338985	32	28584	27581	8.136348	99.345831	100.000000	7688.000000	0.0	22	False
ZAT001.contigs	SEQ__MN082782.1_pPA2047__00001	pPA2047_44	S05	43660	1	1284	1284	2.940907	97.118000	97.118000	2167.000000	0.0	1	False
ZAT001.contigs	SEQ__pHdC_pae_OL780449.1__00001	pHdC_pae	S06	42750	3	5199	5198	12.159064	98.403596	100.000000	6820.000000	0.0	3	False
ZAT002.contigs	SEQ__ZDA002_KPC_2__00001	pZDA002_73	C01	73455	18	17534	16941	23.063100	99.606529	100.000000	9038.000000	0.0	13	False
ZAT002.contigs	SEQ__ZCU001_KPC_2__00001	pZCU001_77	C02	76609	5	8313	8085	10.553590	98.520439	100.000000	5011.000000	0.0	2	False
ZAT002.contigs	SEQ__CP166596.1_pM25992_249_IncFIB_IncHI1B_blaNDM-5__00001	pM25992_249	C03	249062	21	28749	27670	11.109684	99.819149	100.000000	10360.000000	0.0	10	False
ZAT002.contigs	SEQ__CBO001_OXA_48L__00001	pCBO001_150	C04	149728	5	17678	17422	11.635766	99.734085	100.000000	18041.000000	0.0	2	False
ZAT002.contigs	SEQ__pWW19C-KPC2_CP080110.1__00001	pWW19C-KPC2	C05	34721	4	5445	5444	15.679272	97.649317	99.691000	4697.000000	0.0	4	False
ZAT002.contigs	SEQ__PQ241463.1__00001	PQ241463.1	C06	97651	14	99435	97612	99.960062	99.942554	100.000000	47707.000000	0.0	2	True
ZAT002.contigs	SEQ__PAD003_KPC_2__00001	pPAD003_22	S01	21651	6	14612	14602	67.442612	99.425473	100.000000	14958.000000	0.0	3	False
ZAT002.contigs	SEQ__CP166597.1_pM25992_10_IncFIB_pQil_IncFII_K_blaKPC-2___00001	pM25992_107	S03	106787	14	29050	28006	26.226039	99.418324	100.000000	30167.000000	0.0	7	False
ZAT002.contigs	SEQ__VLP001_OXA_439__00001	pVLP001_339	S04	338985	30	30594	27587	8.138118	99.199202	100.000000	7688.000000	0.0	22	False
ZAT002.contigs	SEQ__MN082782.1_pPA2047__00001	pPA2047_44	S05	43660	1	1284	1284	2.940907	97.118000	97.118000	2167.000000	0.0	1	False
ZAT002.contigs	SEQ__pHdC_pae_OL780449.1__00001	pHdC_pae	S06	42750	3	5199	5198	12.159064	98.403596	100.000000	6820.000000	0.0	3	False
ZAT003.contigs	SEQ__ZDA002_KPC_2__00001	pZDA002_73	C01	73455	22	18317	17494	23.815942	99.601484	100.000000	9040.000000	0.0	13	False
ZAT003.contigs	SEQ__ZCU001_KPC_2__00001	pZCU001_77	C02	76609	5	8325	8097	10.569254	98.474499	100.000000	5011.000000	0.0	2	False
ZAT003.contigs	SEQ__CP166596.1_pM25992_249_IncFIB_IncHI1B_blaNDM-5__00001	pM25992_249	C03	249062	23	25223	24146	9.694775	99.785940	100.000000	10360.000000	0.0	12	False
ZAT003.contigs	SEQ__CBO001_OXA_48L__00001	pCBO001_150	C04	149728	5	17576	17422	11.635766	99.772437	100.000000	26380.000000	0.0	2	False
ZAT003.contigs	SEQ__pWW19C-KPC2_CP080110.1__00001	pWW19C-KPC2	C05	34721	5	5915	5837	16.811152	97.819209	100.000000	4697.000000	0.0	4	False
ZAT003.contigs	SEQ__PQ241463.1__00001	PQ241463.1	C06	97651	12	94911	93791	96.047147	99.982997	100.000000	47825.000000	0.0	3	True
ZAT003.contigs	SEQ__PAD003_KPC_2__00001	pPAD003_22	S01	21651	7	15235	15148	69.964436	99.448967	100.000000	14958.000000	0.0	3	False
ZAT003.contigs	SEQ__CP166597.1_pM25992_10_IncFIB_pQil_IncFII_K_blaKPC-2___00001	pM25992_107	S03	106787	15	29671	28552	26.737337	99.427118	100.000000	30167.000000	0.0	7	False
ZAT003.contigs	SEQ__VLP001_OXA_439__00001	pVLP001_339	S04	338985	30	25998	23005	6.786436	99.246094	100.000000	3921.000000	0.0	23	False
ZAT003.contigs	SEQ__MN082782.1_pPA2047__00001	pPA2047_44	S05	43660	1	1284	1284	2.940907	97.118000	97.118000	2167.000000	0.0	1	False
ZAT003.contigs	SEQ__pHdC_pae_OL780449.1__00001	pHdC_pae	S06	42750	4	5673	5593	13.083041	98.501722	100.000000	6820.000000	0.0	2	False
ZAU001.contigs	SEQ__ZDA002_KPC_2__00001	pZDA002_73	C01	73455	18	17527	17010	23.157035	99.612090	100.000000	9040.000000	0.0	13	False
ZAU001.contigs	SEQ__ZCU001_KPC_2__00001	pZCU001_77	C02	76609	5	8296	8069	10.532705	98.469167	100.000000	5011.000000	0.0	3	False
ZAU001.contigs	SEQ__CP166596.1_pM25992_249_IncFIB_IncHI1B_blaNDM-5__00001	pM25992_249	C03	249062	20	28664	27808	11.165091	99.804674	100.000000	10360.000000	0.0	10	False
ZAU001.contigs	SEQ__CBO001_OXA_48L__00001	pCBO001_150	C04	149728	5	17650	17422	11.635766	99.773391	100.000000	26380.000000	0.0	2	False
ZAU001.contigs	SEQ__pWW19C-KPC2_CP080110.1__00001	pWW19C-KPC2	C05	34721	4	5444	5443	15.676392	97.648883	99.690000	4697.000000	0.0	4	False
ZAU001.contigs	SEQ__PQ241463.1__00001	PQ241463.1	C06	97651	16	99021	97612	99.960062	99.947427	100.000000	47707.000000	0.0	2	True
ZAU001.contigs	SEQ__PAD003_KPC_2__00001	pPAD003_22	S01	21651	6	14619	14602	67.442612	99.412059	100.000000	14958.000000	0.0	3	False
ZAU001.contigs	SEQ__CP166597.1_pM25992_10_IncFIB_pQil_IncFII_K_blaKPC-2___00001	pM25992_107	S03	106787	14	29358	27624	25.868317	99.386972	100.000000	30167.000000	0.0	5	False
ZAU001.contigs	SEQ__VLP001_OXA_439__00001	pVLP001_339	S04	338985	29	25615	24619	7.262563	99.273894	100.000000	7688.000000	0.0	20	False
ZAU001.contigs	SEQ__MN082782.1_pPA2047__00001	pPA2047_44	S05	43660	1	1284	1284	2.940907	97.118000	97.118000	2167.000000	0.0	1	False
ZAU001.contigs	SEQ__pHdC_pae_OL780449.1__00001	pHdC_pae	S06	42750	3	5199	5198	12.159064	98.403596	100.000000	6820.000000	0.0	3	False
ZBB001.contigs	SEQ__ZDA002_KPC_2__00001	pZDA002_73	C01	73455	23	24935	24329	33.120958	98.640299	100.000000	5952.000000	0.0	13	False
ZBB001.contigs	SEQ__ZCU001_KPC_2__00001	pZCU001_77	C02	76609	4	5746	5731	7.480844	99.008106	99.940000	3059.000000	0.0	4	False
ZBB001.contigs	SEQ__CP166596.1_pM25992_249_IncFIB_IncHI1B_blaNDM-5__00001	pM25992_249	C03	249062	34	238491	234849	94.293389	99.879483	100.000000	83301.000000	0.0	8	True
ZBB001.contigs	SEQ__CBO001_OXA_48L__00001	pCBO001_150	C04	149728	5	4394	4394	2.934655	99.043995	100.000000	2257.000000	0.0	5	False
ZBB001.contigs	SEQ__pWW19C-KPC2_CP080110.1__00001	pWW19C-KPC2	C05	34721	2	2058	2058	5.927249	97.958936	99.583000	2255.000000	0.0	2	False
ZBB001.contigs	SEQ__PQ241463.1__00001	PQ241463.1	C06	97651	10	18298	18020	18.453472	99.978104	100.000000	8641.000000	0.0	5	False
ZBB001.contigs	SEQ__PAD003_KPC_2__00001	pPAD003_22	S01	21651	2	2174	2174	10.041107	99.908195	100.000000	2549.000000	0.0	2	False
ZBB001.contigs	SEQ__CP166597.1_pM25992_10_IncFIB_pQil_IncFII_K_blaKPC-2___00001	pM25992_107	S03	106787	6	4240	3794	3.552867	98.962328	100.000000	2715.000000	0.0	3	False
ZBB001.contigs	SEQ__VLP001_OXA_439__00001	pVLP001_339	S04	338985	33	34499	33625	9.919318	98.907155	100.000000	8207.000000	0.0	24	False
ZBB001.contigs	SEQ__MN082782.1_pPA2047__00001	pPA2047_44	S05	43660	1	1286	1286	2.945488	97.201000	97.201000	2176.000000	0.0	1	False
ZBB001.contigs	SEQ__pHdC_pae_OL780449.1__00001	pHdC_pae	S06	42750	2	2004	2004	4.687719	99.800617	99.853000	2494.000000	0.0	2	False
ZBB002.contigs	SEQ__ZDA002_KPC_2__00001	pZDA002_73	C01	73455	20	28912	28096	38.249268	98.941437	100.000000	11980.000000	0.0	14	False
ZBB002.contigs	SEQ__ZCU001_KPC_2__00001	pZCU001_77	C02	76609	4	10369	10215	13.333942	99.865121	100.000000	9214.000000	0.0	2	False
ZBB002.contigs	SEQ__CP166596.1_pM25992_249_IncFIB_IncHI1B_blaNDM-5__00001	pM25992_249	C03	249062	21	25022	24513	9.842128	99.380505	100.000000	5768.000000	0.0	14	False
ZBB002.contigs	SEQ__CBO001_OXA_48L__00001	pCBO001_150	C04	149728	17	108206	108172	72.245672	98.771882	100.000000	39484.000000	0.0	15	True
ZBB002.contigs	SEQ__pWW19C-KPC2_CP080110.1__00001	pWW19C-KPC2	C05	34721	3	4179	4179	12.035944	99.234311	99.721000	3738.000000	0.0	3	False
ZBB002.contigs	SEQ__PQ241463.1__00001	PQ241463.1	C06	97651	14	20416	20334	20.823135	98.726416	100.000000	8408.000000	0.0	12	False
ZBB002.contigs	SEQ__PAD003_KPC_2__00001	pPAD003_22	S01	21651	3	4026	4026	18.594984	99.950349	100.000000	4137.000000	0.0	3	False
ZBB002.contigs	SEQ__CP166597.1_pM25992_10_IncFIB_pQil_IncFII_K_blaKPC-2___00001	pM25992_107	S03	106787	13	12050	11837	11.084683	98.008331	100.000000	6373.000000	0.0	11	False
ZBB002.contigs	SEQ__VLP001_OXA_439__00001	pVLP001_339	S04	338985	38	36220	35278	10.406950	98.796255	100.000000	4167.000000	0.0	29	False
ZBB002.contigs	SEQ__MN082782.1_pPA2047__00001	pPA2047_44	S05	43660	1	1299	1299	2.975263	100.000000	100.000000	2399.000000	0.0	1	False
ZBB002.contigs	SEQ__pHdC_pae_OL780449.1__00001	pHdC_pae	S06	42750	3	4027	4027	9.419883	99.875380	99.955000	4143.000000	0.0	3	False
ZBB003.contigs	SEQ__ZDA002_KPC_2__00001	pZDA002_73	C01	73455	23	27392	27012	36.773535	98.824419	100.000000	5952.000000	0.0	14	False
ZBB003.contigs	SEQ__ZCU001_KPC_2__00001	pZCU001_77	C02	76609	6	9466	9297	12.135650	99.281624	100.000000	6663.000000	0.0	4	False
ZBB003.contigs	SEQ__CP166596.1_pM25992_249_IncFIB_IncHI1B_blaNDM-5__00001	pM25992_249	C03	249062	33	249094	245556	98.592318	99.865855	100.000000	83301.000000	0.0	9	True
ZBB003.contigs	SEQ__CBO001_OXA_48L__00001	pCBO001_150	C04	149728	7	7289	7289	4.868161	99.121877	100.000000	4043.000000	0.0	7	False
ZBB003.contigs	SEQ__pWW19C-KPC2_CP080110.1__00001	pWW19C-KPC2	C05	34721	3	4145	4145	11.938020	98.504257	99.583000	3744.000000	0.0	3	False
ZBB003.contigs	SEQ__PQ241463.1__00001	PQ241463.1	C06	97651	9	18221	18020	18.453472	99.988983	100.000000	8641.000000	0.0	5	False
ZBB003.contigs	SEQ__PAD003_KPC_2__00001	pPAD003_22	S01	21651	3	4420	4420	20.414761	99.931979	100.000000	4143.000000	0.0	3	False
ZBB003.contigs	SEQ__CP166597.1_pM25992_10_IncFIB_pQil_IncFII_K_blaKPC-2___00001	pM25992_107	S03	106787	6	4242	3796	3.554740	98.962782	100.000000	2715.000000	0.0	3	False
ZBB003.contigs	SEQ__VLP001_OXA_439__00001	pVLP001_339	S04	338985	33	37450	36652	10.812278	98.886526	100.000000	8207.000000	0.0	25	False
ZBB003.contigs	SEQ__MN082782.1_pPA2047__00001	pPA2047_44	S05	43660	1	1286	1286	2.945488	97.201000	97.201000	2176.000000	0.0	1	False
ZBB003.contigs	SEQ__pHdC_pae_OL780449.1__00001	pHdC_pae	S06	42750	3	4250	4250	9.941520	99.905985	100.000000	4148.000000	0.0	3	False
ZBE001.contigs	SEQ__ZDA002_KPC_2__00001	pZDA002_73	C01	73455	27	21471	20608	28.055272	99.142984	100.000000	3666.000000	0.0	21	False
ZBE001.contigs	SEQ__ZCU001_KPC_2__00001	pZCU001_77	C02	76609	4	5414	5337	6.966544	99.741371	100.000000	3747.000000	0.0	3	False
ZBE001.contigs	SEQ__CP166596.1_pM25992_249_IncFIB_IncHI1B_blaNDM-5__00001	pM25992_249	C03	249062	36	31862	30333	12.178895	99.654742	100.000000	4994.000000	0.0	21	False
ZBE001.contigs	SEQ__CBO001_OXA_48L__00001	pCBO001_150	C04	149728	11	15245	15167	10.129702	99.763793	100.000000	8672.000000	0.0	10	False
ZBE001.contigs	SEQ__pWW19C-KPC2_CP080110.1__00001	pWW19C-KPC2	C05	34721	3	2777	2777	7.998042	99.064021	99.526000	3692.000000	0.0	3	False
ZBE001.contigs	SEQ__PQ241463.1__00001	PQ241463.1	C06	97651	107	85456	84941	86.984260	99.918073	100.000000	5299.000000	0.0	74	True
ZBE001.contigs	SEQ__PAD003_KPC_2__00001	pPAD003_22	S01	21651	7	13552	13475	62.237310	99.977780	100.000000	10833.000000	0.0	5	False
ZBE001.contigs	SEQ__CP166597.1_pM25992_10_IncFIB_pQil_IncFII_K_blaKPC-2___00001	pM25992_107	S03	106787	43	25182	24456	22.901664	98.081904	100.000000	5328.000000	0.0	34	False
ZBE001.contigs	SEQ__VLP001_OXA_439__00001	pVLP001_339	S04	338985	39	28798	28481	8.401847	98.673544	100.000000	4508.000000	0.0	30	False
ZBE001.contigs	SEQ__MN082782.1_pPA2047__00001	pPA2047_44	S05	43660	0	0	0	0.000000	0.000000	0.000000	0.000000		0	False
ZBE001.contigs	SEQ__pHdC_pae_OL780449.1__00001	pHdC_pae	S06	42750	5	4076	4024	9.412865	99.877271	100.000000	3803.000000	0.0	4	False
ZBE002.contigs	SEQ__ZDA002_KPC_2__00001	pZDA002_73	C01	73455	24	19194	17887	24.350963	99.572855	100.000000	6545.000000	0.0	13	False
ZBE002.contigs	SEQ__ZCU001_KPC_2__00001	pZCU001_77	C02	76609	6	7872	7638	9.970108	98.983863	100.000000	5011.000000	0.0	3	False
ZBE002.contigs	SEQ__CP166596.1_pM25992_249_IncFIB_IncHI1B_blaNDM-5__00001	pM25992_249	C03	249062	27	31150	29407	11.807100	99.874803	100.000000	8859.000000	0.0	10	False
ZBE002.contigs	SEQ__CBO001_OXA_48L__00001	pCBO001_150	C04	149728	9	17922	17335	11.577661	99.765673	100.000000	17450.000000	0.0	3	False
ZBE002.contigs	SEQ__pWW19C-KPC2_CP080110.1__00001	pWW19C-KPC2	C05	34721	7	6203	5837	16.811152	97.888272	100.000000	4697.000000	0.0	4	False
ZBE002.contigs	SEQ__PQ241463.1__00001	PQ241463.1	C06	97651	21	98086	97490	99.835127	99.992822	100.000000	34550.000000	0.0	9	True
ZBE002.contigs	SEQ__PAD003_KPC_2__00001	pPAD003_22	S01	21651	11	15930	15192	70.167660	99.454011	100.000000	14958.000000	0.0	2	True
ZBE002.contigs	SEQ__CP166597.1_pM25992_10_IncFIB_pQil_IncFII_K_blaKPC-2___00001	pM25992_107	S03	106787	18	30342	28677	26.854392	99.472757	100.000000	18334.000000	0.0	5	False
ZBE002.contigs	SEQ__VLP001_OXA_439__00001	pVLP001_339	S04	338985	42	36321	35468	10.463000	98.975929	100.000000	7688.000000	0.0	32	False
ZBE002.contigs	SEQ__MN082782.1_pPA2047__00001	pPA2047_44	S05	43660	1	1284	1284	2.940907	97.118000	97.118000	2167.000000	0.0	1	False
ZBE002.contigs	SEQ__pHdC_pae_OL780449.1__00001	pHdC_pae	S06	42750	7	6285	5842	13.665497	98.647485	100.000000	6137.000000	0.0	3	False
ZBE_001_SECOND_NEW_assembly	SEQ__ZDA002_KPC_2__00001	pZDA002_73	C01	73455	22	23403	22484	30.609217	99.038650	100.000000	5419.000000	0.0	15	False
ZBE_001_SECOND_NEW_assembly	SEQ__ZCU001_KPC_2__00001	pZCU001_77	C02	76609	3	5804	5804	7.576133	99.706972	100.000000	4791.000000	0.0	1	False
ZBE_001_SECOND_NEW_assembly	SEQ__CP166596.1_pM25992_249_IncFIB_IncHI1B_blaNDM-5__00001	pM25992_249	C03	249062	24	34151	32345	12.986726	99.645677	100.000000	8499.000000	0.0	10	False
ZBE_001_SECOND_NEW_assembly	SEQ__CBO001_OXA_48L__00001	pCBO001_150	C04	149728	9	16059	16057	10.724113	99.725924	100.000000	13496.000000	0.0	5	False
ZBE_001_SECOND_NEW_assembly	SEQ__pWW19C-KPC2_CP080110.1__00001	pWW19C-KPC2	C05	34721	2	3365	3365	9.691541	99.108108	99.722000	4730.000000	0.0	2	False
ZBE_001_SECOND_NEW_assembly	SEQ__PQ241463.1__00001	PQ241463.1	C06	97651	13	97407	97407	99.750131	99.992030	100.000000	133000.000000	0.0	5	True
ZBE_001_SECOND_NEW_assembly	SEQ__PAD003_KPC_2__00001	pPAD003_22	S01	21651	5	14085	14082	65.040876	99.971393	100.000000	15710.000000	0.0	1	False
ZBE_001_SECOND_NEW_assembly	SEQ__CP166597.1_pM25992_10_IncFIB_pQil_IncFII_K_blaKPC-2___00001	pM25992_107	S03	106787	12	19313	18394	17.224943	98.130873	100.000000	6874.000000	0.0	10	False
ZBE_001_SECOND_NEW_assembly	SEQ__VLP001_OXA_439__00001	pVLP001_339	S04	338985	28	28557	28541	8.419547	98.977433	100.000000	5921.000000	0.0	22	False
ZBE_001_SECOND_NEW_assembly	SEQ__MN082782.1_pPA2047__00001	pPA2047_44	S05	43660	0	0	0	0.000000	0.000000	0.000000	0.000000		0	False
ZBE_001_SECOND_NEW_assembly	SEQ__pHdC_pae_OL780449.1__00001	pHdC_pae	S06	42750	5	5756	5752	13.454971	98.974877	100.000000	4879.000000	0.0	3	False
ZBE_002_SECOND_NEW_assembly	SEQ__ZDA002_KPC_2__00001	pZDA002_73	C01	73455	23	17510	17497	23.820026	99.526075	100.000000	4920.000000	0.0	15	False
ZBE_002_SECOND_NEW_assembly	SEQ__ZCU001_KPC_2__00001	pZCU001_77	C02	76609	5	7204	7204	9.403595	98.917142	100.000000	4735.000000	0.0	4	False
ZBE_002_SECOND_NEW_assembly	SEQ__CP166596.1_pM25992_249_IncFIB_IncHI1B_blaNDM-5__00001	pM25992_249	C03	249062	25	28242	27788	11.157061	99.872527	100.000000	7605.000000	0.0	11	False
ZBE_002_SECOND_NEW_assembly	SEQ__CBO001_OXA_48L__00001	pCBO001_150	C04	149728	9	17074	17074	11.403345	99.765750	100.000000	17171.000000	0.0	4	False
ZBE_002_SECOND_NEW_assembly	SEQ__pWW19C-KPC2_CP080110.1__00001	pWW19C-KPC2	C05	34721	5	4920	4920	14.170099	98.272363	100.000000	4695.000000	0.0	4	False
ZBE_002_SECOND_NEW_assembly	SEQ__PQ241463.1__00001	PQ241463.1	C06	97651	15	97098	97084	99.419361	99.982433	100.000000	47689.000000	0.0	6	True
ZBE_002_SECOND_NEW_assembly	SEQ__PAD003_KPC_2__00001	pPAD003_22	S01	21651	9	14282	14274	65.927671	99.748064	100.000000	14958.000000	0.0	3	False
ZBE_002_SECOND_NEW_assembly	SEQ__CP166597.1_pM25992_10_IncFIB_pQil_IncFII_K_blaKPC-2___00001	pM25992_107	S03	106787	17	29415	27923	26.148314	99.313203	100.000000	30025.000000	0.0	8	False
ZBE_002_SECOND_NEW_assembly	SEQ__VLP001_OXA_439__00001	pVLP001_339	S04	338985	34	34802	34517	10.182456	99.034593	100.000000	7540.000000	0.0	25	False
ZBE_002_SECOND_NEW_assembly	SEQ__MN082782.1_pPA2047__00001	pPA2047_44	S05	43660	1	1282	1282	2.936326	97.114000	97.114000	2163.000000	0.0	1	False
ZBE_002_SECOND_NEW_assembly	SEQ__pHdC_pae_OL780449.1__00001	pHdC_pae	S06	42750	6	4949	4949	11.576608	99.232118	100.000000	4769.000000	0.0	4	False
ZBF001.contigs	SEQ__ZDA002_KPC_2__00001	pZDA002_73	C01	73455	24	19336	17939	24.421755	99.275939	100.000000	5419.000000	0.0	12	False
ZBF001.contigs	SEQ__ZCU001_KPC_2__00001	pZCU001_77	C02	76609	15	74684	72801	95.029305	99.769458	100.000000	86250.000000	0.0	4	True
ZBF001.contigs	SEQ__CP166596.1_pM25992_249_IncFIB_IncHI1B_blaNDM-5__00001	pM25992_249	C03	249062	29	24476	23083	9.267973	99.473011	100.000000	7513.000000	0.0	12	False
ZBF001.contigs	SEQ__CBO001_OXA_48L__00001	pCBO001_150	C04	149728	14	9371	8981	5.998210	99.156919	100.000000	3701.000000	0.0	8	False
ZBF001.contigs	SEQ__pWW19C-KPC2_CP080110.1__00001	pWW19C-KPC2	C05	34721	7	11794	11560	33.293972	99.431862	100.000000	9376.000000	0.0	4	False
ZBF001.contigs	SEQ__PQ241463.1__00001	PQ241463.1	C06	97651	13	7667	6833	6.997368	99.817397	100.000000	3009.000000	0.0	5	False
ZBF001.contigs	SEQ__PAD003_KPC_2__00001	pPAD003_22	S01	21651	11	12567	12051	55.660247	99.665491	100.000000	8988.000000	0.0	5	False
ZBF001.contigs	SEQ__CP166597.1_pM25992_10_IncFIB_pQil_IncFII_K_blaKPC-2___00001	pM25992_107	S03	106787	17	31582	30949	28.981992	97.714047	100.000000	22519.000000	0.0	12	False
ZBF001.contigs	SEQ__VLP001_OXA_439__00001	pVLP001_339	S04	338985	41	36395	35356	10.429960	98.829548	100.000000	7858.000000	0.0	27	False
ZBF001.contigs	SEQ__MN082782.1_pPA2047__00001	pPA2047_44	S05	43660	3	3332	3255	7.455337	99.910216	100.000000	3818.000000	0.0	2	False
ZBF001.contigs	SEQ__pHdC_pae_OL780449.1__00001	pHdC_pae	S06	42750	9	8760	7754	18.138012	98.926954	100.000000	3807.000000	0.0	3	False
ZBF002.contigs	SEQ__ZDA002_KPC_2__00001	pZDA002_73	C01	73455	8	6440	6430	8.753659	99.611682	100.000000	3175.000000	0.0	7	False
ZBF002.contigs	SEQ__ZCU001_KPC_2__00001	pZCU001_77	C02	76609	0	0	0	0.000000	0.000000	0.000000	0.000000		0	False
ZBF002.contigs	SEQ__CP166596.1_pM25992_249_IncFIB_IncHI1B_blaNDM-5__00001	pM25992_249	C03	249062	12	18708	17568	7.053665	99.957060	100.000000	12392.000000	0.0	6	False
ZBF002.contigs	SEQ__CBO001_OXA_48L__00001	pCBO001_150	C04	149728	6	5598	5074	3.388812	99.892887	100.000000	3421.000000	0.0	5	False
ZBF002.contigs	SEQ__pWW19C-KPC2_CP080110.1__00001	pWW19C-KPC2	C05	34721	0	0	0	0.000000	0.000000	0.000000	0.000000		0	False
ZBF002.contigs	SEQ__PQ241463.1__00001	PQ241463.1	C06	97651	7	11167	10105	10.348076	99.892277	100.000000	11169.000000	0.0	5	False
ZBF002.contigs	SEQ__PAD003_KPC_2__00001	pPAD003_22	S01	21651	1	820	820	3.787354	100.000000	100.000000	1515.000000	0.0	1	False
ZBF002.contigs	SEQ__CP166597.1_pM25992_10_IncFIB_pQil_IncFII_K_blaKPC-2___00001	pM25992_107	S03	106787	2	1257	1257	1.177110	100.000000	100.000000	1515.000000	0.0	2	False
ZBF002.contigs	SEQ__VLP001_OXA_439__00001	pVLP001_339	S04	338985	26	31462	30308	8.940809	99.767927	100.000000	12375.000000	0.0	20	False
ZBF002.contigs	SEQ__MN082782.1_pPA2047__00001	pPA2047_44	S05	43660	0	0	0	0.000000	0.000000	0.000000	0.000000		0	False
ZBF002.contigs	SEQ__pHdC_pae_OL780449.1__00001	pHdC_pae	S06	42750	1	1361	1361	3.183626	99.706000	99.706000	2492.000000	0.0	1	False
ZBF003.contigs	SEQ__ZDA002_KPC_2__00001	pZDA002_73	C01	73455	20	17096	16184	22.032537	99.181055	100.000000	4012.000000	0.0	13	False
ZBF003.contigs	SEQ__ZCU001_KPC_2__00001	pZCU001_77	C02	76609	3	6718	6718	8.769205	99.241107	99.849000	7439.000000	0.0	3	False
ZBF003.contigs	SEQ__CP166596.1_pM25992_249_IncFIB_IncHI1B_blaNDM-5__00001	pM25992_249	C03	249062	33	253762	249062	100.000000	99.753704	100.000000	83297.000000	0.0	1	True
ZBF003.contigs	SEQ__CBO001_OXA_48L__00001	pCBO001_150	C04	149728	7	7353	7353	4.910905	99.116044	100.000000	4043.000000	0.0	6	False
ZBF003.contigs	SEQ__pWW19C-KPC2_CP080110.1__00001	pWW19C-KPC2	C05	34721	3	4145	4145	11.938020	98.480047	99.583000	3744.000000	0.0	3	False
ZBF003.contigs	SEQ__PQ241463.1__00001	PQ241463.1	C06	97651	8	18388	18155	18.591719	99.989083	100.000000	10037.000000	0.0	2	False
ZBF003.contigs	SEQ__PAD003_KPC_2__00001	pPAD003_22	S01	21651	3	4452	4452	20.562561	99.932468	100.000000	4143.000000	0.0	2	False
ZBF003.contigs	SEQ__CP166597.1_pM25992_10_IncFIB_pQil_IncFII_K_blaKPC-2___00001	pM25992_107	S03	106787	8	4521	3825	3.581897	99.292289	100.000000	2715.000000	0.0	3	False
ZBF003.contigs	SEQ__VLP001_OXA_439__00001	pVLP001_339	S04	338985	23	26664	26111	7.702701	99.478828	100.000000	7686.000000	0.0	19	False
ZBF003.contigs	SEQ__MN082782.1_pPA2047__00001	pPA2047_44	S05	43660	1	1286	1286	2.945488	97.123000	97.123000	2170.000000	0.0	1	False
ZBF003.contigs	SEQ__pHdC_pae_OL780449.1__00001	pHdC_pae	S06	42750	3	4255	4255	9.953216	99.882573	100.000000	4148.000000	0.0	3	False
ZBK001.contigs	SEQ__ZDA002_KPC_2__00001	pZDA002_73	C01	73455	14	15056	15038	20.472398	99.289327	100.000000	4012.000000	0.0	11	False
ZBK001.contigs	SEQ__ZCU001_KPC_2__00001	pZCU001_77	C02	76609	3	6718	6718	8.769205	99.256055	99.849000	7439.000000	0.0	3	False
ZBK001.contigs	SEQ__CP166596.1_pM25992_249_IncFIB_IncHI1B_blaNDM-5__00001	pM25992_249	C03	249062	25	249165	246462	98.956083	99.830169	100.000000	83299.000000	0.0	2	True
ZBK001.contigs	SEQ__CBO001_OXA_48L__00001	pCBO001_150	C04	149728	9	16729	16651	11.120832	99.611306	100.000000	8769.000000	0.0	6	False
ZBK001.contigs	SEQ__pWW19C-KPC2_CP080110.1__00001	pWW19C-KPC2	C05	34721	3	4145	4145	11.938020	98.504257	99.583000	3744.000000	0.0	3	False
ZBK001.contigs	SEQ__PQ241463.1__00001	PQ241463.1	C06	97651	8	18388	18155	18.591719	99.989083	100.000000	10037.000000	0.0	2	False
ZBK001.contigs	SEQ__PAD003_KPC_2__00001	pPAD003_22	S01	21651	5	13831	13747	63.493603	99.956447	100.000000	10972.000000	0.0	2	False
ZBK001.contigs	SEQ__CP166597.1_pM25992_10_IncFIB_pQil_IncFII_K_blaKPC-2___00001	pM25992_107	S03	106787	4	3828	3826	3.582833	99.268741	100.000000	2715.000000	0.0	3	False
ZBK001.contigs	SEQ__VLP001_OXA_439__00001	pVLP001_339	S04	338985	21	27260	26712	7.879995	99.508500	100.000000	7686.000000	0.0	18	False
ZBK001.contigs	SEQ__MN082782.1_pPA2047__00001	pPA2047_44	S05	43660	1	1286	1286	2.945488	97.201000	97.201000	2176.000000	0.0	1	False
ZBK001.contigs	SEQ__pHdC_pae_OL780449.1__00001	pHdC_pae	S06	42750	3	4255	4255	9.953216	99.882573	100.000000	4148.000000	0.0	3	False
ZBN002.contigs	SEQ__ZDA002_KPC_2__00001	pZDA002_73	C01	73455	12	10304	10293	14.012661	99.543868	100.000000	3515.000000	0.0	11	False
ZBN002.contigs	SEQ__ZCU001_KPC_2__00001	pZCU001_77	C02	76609	3	7851	7772	10.145022	98.280444	100.000000	8010.000000	0.0	2	False
ZBN002.contigs	SEQ__CP166596.1_pM25992_249_IncFIB_IncHI1B_blaNDM-5__00001	pM25992_249	C03	249062	15	24377	24300	9.756607	99.647273	100.000000	10360.000000	0.0	10	False
ZBN002.contigs	SEQ__CBO001_OXA_48L__00001	pCBO001_150	C04	149728	5	11497	11419	7.626496	99.965302	100.000000	10538.000000	0.0	4	False
ZBN002.contigs	SEQ__pWW19C-KPC2_CP080110.1__00001	pWW19C-KPC2	C05	34721	0	0	0	0.000000	0.000000	0.000000	0.000000		0	False
ZBN002.contigs	SEQ__PQ241463.1__00001	PQ241463.1	C06	97651	15	89772	88454	90.581766	99.941993	100.000000	56054.000000	0.0	5	True
ZBN002.contigs	SEQ__PAD003_KPC_2__00001	pPAD003_22	S01	21651	3	10115	10038	46.362755	99.970420	100.000000	12741.000000	0.0	2	False
ZBN002.contigs	SEQ__CP166597.1_pM25992_10_IncFIB_pQil_IncFII_K_blaKPC-2___00001	pM25992_107	S03	106787	10	8361	8152	7.633888	97.751480	100.000000	3731.000000	0.0	9	False
ZBN002.contigs	SEQ__VLP001_OXA_439__00001	pVLP001_339	S04	338985	27	18442	17341	5.115566	98.606543	100.000000	4032.000000	0.0	19	False
ZBN002.contigs	SEQ__MN082782.1_pPA2047__00001	pPA2047_44	S05	43660	0	0	0	0.000000	0.000000	0.000000	0.000000		0	False
ZBN002.contigs	SEQ__pHdC_pae_OL780449.1__00001	pHdC_pae	S06	42750	1	1013	1013	2.369591	99.704000	99.704000	1855.000000	0.0	1	False
ZBW003.contigs	SEQ__ZDA002_KPC_2__00001	pZDA002_73	C01	73455	29	23111	21710	29.555510	99.415925	100.000000	5424.000000	0.0	17	False
ZBW003.contigs	SEQ__ZCU001_KPC_2__00001	pZCU001_77	C02	76609	7	8547	7652	9.988383	98.958743	100.000000	5629.000000	0.0	3	False
ZBW003.contigs	SEQ__CP166596.1_pM25992_249_IncFIB_IncHI1B_blaNDM-5__00001	pM25992_249	C03	249062	25	24327	22045	8.851210	99.547854	100.000000	9579.000000	0.0	13	False
ZBW003.contigs	SEQ__CBO001_OXA_48L__00001	pCBO001_150	C04	149728	16	151675	149452	99.815666	99.967018	100.000000	159900.000000	0.0	4	True
ZBW003.contigs	SEQ__pWW19C-KPC2_CP080110.1__00001	pWW19C-KPC2	C05	34721	9	6033	5064	14.584833	98.508227	100.000000	3722.000000	0.0	4	False
ZBW003.contigs	SEQ__PQ241463.1__00001	PQ241463.1	C06	97651	10	14208	13890	14.224125	99.823948	100.000000	7208.000000	0.0	6	False
ZBW003.contigs	SEQ__PAD003_KPC_2__00001	pPAD003_22	S01	21651	10	14725	14287	65.987714	99.776065	100.000000	14958.000000	0.0	4	False
ZBW003.contigs	SEQ__CP166597.1_pM25992_10_IncFIB_pQil_IncFII_K_blaKPC-2___00001	pM25992_107	S03	106787	25	47210	44581	41.747591	98.650728	100.000000	30166.000000	0.0	12	False
ZBW003.contigs	SEQ__VLP001_OXA_439__00001	pVLP001_339	S04	338985	45	45510	40905	12.066906	99.123300	100.000000	11271.000000	0.0	24	False
ZBW003.contigs	SEQ__MN082782.1_pPA2047__00001	pPA2047_44	S05	43660	3	1987	1246	2.853871	98.087483	99.852000	1243.000000	0.0	1	False
ZBW003.contigs	SEQ__pHdC_pae_OL780449.1__00001	pHdC_pae	S06	42750	7	6432	6278	14.685380	99.316122	100.000000	4071.000000	0.0	4	False
ZCC001.contigs	SEQ__ZDA002_KPC_2__00001	pZDA002_73	C01	73455	26	30346	28284	38.505207	98.889418	100.000000	5952.000000	0.0	16	False
ZCC001.contigs	SEQ__ZCU001_KPC_2__00001	pZCU001_77	C02	76609	5	7066	6845	8.934982	99.589455	100.000000	4233.000000	0.0	2	False
ZCC001.contigs	SEQ__CP166596.1_pM25992_249_IncFIB_IncHI1B_blaNDM-5__00001	pM25992_249	C03	249062	21	35128	33494	13.448057	99.803569	100.000000	8641.000000	0.0	10	False
ZCC001.contigs	SEQ__CBO001_OXA_48L__00001	pCBO001_150	C04	149728	9	7022	6702	4.476117	99.544257	100.000000	4043.000000	0.0	8	False
ZCC001.contigs	SEQ__pWW19C-KPC2_CP080110.1__00001	pWW19C-KPC2	C05	34721	4	3732	3015	8.683506	99.303561	99.721000	3744.000000	0.0	3	False
ZCC001.contigs	SEQ__PQ241463.1__00001	PQ241463.1	C06	97651	13	98115	97577	99.924220	99.982537	100.000000	62126.000000	0.0	4	True
ZCC001.contigs	SEQ__PAD003_KPC_2__00001	pPAD003_22	S01	21651	5	5824	4619	21.333888	99.965361	100.000000	4143.000000	0.0	3	False
ZCC001.contigs	SEQ__CP166597.1_pM25992_10_IncFIB_pQil_IncFII_K_blaKPC-2___00001	pM25992_107	S03	106787	6	9744	8539	7.996292	99.343364	100.000000	5413.000000	0.0	3	False
ZCC001.contigs	SEQ__VLP001_OXA_439__00001	pVLP001_339	S04	338985	28	32568	32245	9.512220	98.955954	100.000000	8207.000000	0.0	23	False
ZCC001.contigs	SEQ__MN082782.1_pPA2047__00001	pPA2047_44	S05	43660	0	0	0	0.000000	0.000000	0.000000	0.000000		0	False
ZCC001.contigs	SEQ__pHdC_pae_OL780449.1__00001	pHdC_pae	S06	42750	6	5186	4456	10.423392	99.884295	100.000000	4148.000000	0.0	3	False
ZCC002.contigs	SEQ__ZDA002_KPC_2__00001	pZDA002_73	C01	73455	26	19405	18167	24.732149	99.381660	100.000000	6545.000000	0.0	14	False
ZCC002.contigs	SEQ__ZCU001_KPC_2__00001	pZCU001_77	C02	76609	5	7637	7411	9.673798	98.913214	100.000000	5011.000000	0.0	3	False
ZCC002.contigs	SEQ__CP166596.1_pM25992_249_IncFIB_IncHI1B_blaNDM-5__00001	pM25992_249	C03	249062	25	30194	28752	11.544114	99.890746	100.000000	10360.000000	0.0	10	False
ZCC002.contigs	SEQ__CBO001_OXA_48L__00001	pCBO001_150	C04	149728	8	17929	17422	11.635766	99.765764	100.000000	23885.000000	0.0	2	False
ZCC002.contigs	SEQ__pWW19C-KPC2_CP080110.1__00001	pWW19C-KPC2	C05	34721	6	5992	5837	16.811152	97.830601	100.000000	4697.000000	0.0	4	False
ZCC002.contigs	SEQ__PQ241463.1__00001	PQ241463.1	C06	97651	13	98925	97651	100.000000	99.983687	100.000000	47825.000000	0.0	1	True
ZCC002.contigs	SEQ__PAD003_KPC_2__00001	pPAD003_22	S01	21651	10	15728	15273	70.541776	99.453346	100.000000	14958.000000	0.0	2	True
ZCC002.contigs	SEQ__CP166597.1_pM25992_10_IncFIB_pQil_IncFII_K_blaKPC-2___00001	pM25992_107	S03	106787	19	31399	29061	27.213987	99.372693	100.000000	30166.000000	0.0	7	False
ZCC002.contigs	SEQ__VLP001_OXA_439__00001	pVLP001_339	S04	338985	35	35277	32012	9.443486	98.886025	100.000000	7688.000000	0.0	27	False
ZCC002.contigs	SEQ__MN082782.1_pPA2047__00001	pPA2047_44	S05	43660	1	1284	1284	2.940907	97.118000	97.118000	2167.000000	0.0	1	False
ZCC002.contigs	SEQ__pHdC_pae_OL780449.1__00001	pHdC_pae	S06	42750	5	5649	5494	12.851462	98.495211	100.000000	6137.000000	0.0	3	False
ZCC003.contigs	SEQ__ZDA002_KPC_2__00001	pZDA002_73	C01	73455	14	13218	13123	17.865360	99.213344	100.000000	3707.000000	0.0	10	False
ZCC003.contigs	SEQ__ZCU001_KPC_2__00001	pZCU001_77	C02	76609	5	8031	7877	10.282082	99.377349	100.000000	3794.000000	0.0	3	False
ZCC003.contigs	SEQ__CP166596.1_pM25992_249_IncFIB_IncHI1B_blaNDM-5__00001	pM25992_249	C03	249062	25	252534	248980	99.967076	99.717714	100.000000	74808.000000	0.0	3	True
ZCC003.contigs	SEQ__CBO001_OXA_48L__00001	pCBO001_150	C04	149728	8	7430	7353	4.910905	99.125111	100.000000	3738.000000	0.0	6	False
ZCC003.contigs	SEQ__pWW19C-KPC2_CP080110.1__00001	pWW19C-KPC2	C05	34721	3	4139	4139	11.920740	98.501969	99.583000	3733.000000	0.0	3	False
ZCC003.contigs	SEQ__PQ241463.1__00001	PQ241463.1	C06	97651	9	19040	18884	19.338256	99.889666	100.000000	10037.000000	0.0	4	False
ZCC003.contigs	SEQ__PAD003_KPC_2__00001	pPAD003_22	S01	21651	4	4529	4452	20.562561	99.933877	100.000000	3838.000000	0.0	2	False
ZCC003.contigs	SEQ__CP166597.1_pM25992_10_IncFIB_pQil_IncFII_K_blaKPC-2___00001	pM25992_107	S03	106787	4	3827	3825	3.581897	99.268343	100.000000	2715.000000	0.0	3	False
ZCC003.contigs	SEQ__VLP001_OXA_439__00001	pVLP001_339	S04	338985	28	29568	29018	8.560261	99.262720	100.000000	7686.000000	0.0	24	False
ZCC003.contigs	SEQ__MN082782.1_pPA2047__00001	pPA2047_44	S05	43660	1	1286	1286	2.945488	97.201000	97.201000	2176.000000	0.0	1	False
ZCC003.contigs	SEQ__pHdC_pae_OL780449.1__00001	pHdC_pae	S06	42750	4	4332	4255	9.953216	99.884660	100.000000	3843.000000	0.0	3	False
ZCE002.contigs	SEQ__ZDA002_KPC_2__00001	pZDA002_73	C01	73455	41	70940	67002	91.215030	99.797065	100.000000	19734.000000	0.0	7	True
ZCE002.contigs	SEQ__ZCU001_KPC_2__00001	pZCU001_77	C02	76609	4	7507	7504	9.795194	98.867630	100.000000	5001.000000	0.0	3	False
ZCE002.contigs	SEQ__CP166596.1_pM25992_249_IncFIB_IncHI1B_blaNDM-5__00001	pM25992_249	C03	249062	22	21691	20694	8.308775	99.230151	100.000000	7677.000000	0.0	11	False
ZCE002.contigs	SEQ__CBO001_OXA_48L__00001	pCBO001_150	C04	149728	8	15373	15278	10.203836	99.980590	100.000000	16054.000000	0.0	3	False
ZCE002.contigs	SEQ__pWW19C-KPC2_CP080110.1__00001	pWW19C-KPC2	C05	34721	4	6426	6423	18.498891	98.599613	99.952000	4697.000000	0.0	3	False
ZCE002.contigs	SEQ__PQ241463.1__00001	PQ241463.1	C06	97651	11	13230	12998	13.310668	99.803659	100.000000	7123.000000	0.0	5	False
ZCE002.contigs	SEQ__PAD003_KPC_2__00001	pPAD003_22	S01	21651	7	17359	17259	79.714563	99.493007	100.000000	16205.000000	0.0	3	True
ZCE002.contigs	SEQ__CP166597.1_pM25992_10_IncFIB_pQil_IncFII_K_blaKPC-2___00001	pM25992_107	S03	106787	16	43680	42645	39.934636	98.736295	100.000000	33375.000000	0.0	8	False
ZCE002.contigs	SEQ__VLP001_OXA_439__00001	pVLP001_339	S04	338985	23	29860	29700	8.761450	99.286686	100.000000	9297.000000	0.0	18	False
ZCE002.contigs	SEQ__MN082782.1_pPA2047__00001	pPA2047_44	S05	43660	2	9921	9921	22.723317	99.979852	100.000000	12971.000000	0.0	2	False
ZCE002.contigs	SEQ__pHdC_pae_OL780449.1__00001	pHdC_pae	S06	42750	7	8939	8848	20.697076	99.060204	100.000000	5040.000000	0.0	4	False
ZCG001.contigs	SEQ__ZDA002_KPC_2__00001	pZDA002_73	C01	73455	24	21569	20582	28.019876	99.197838	100.000000	5419.000000	0.0	15	False
ZCG001.contigs	SEQ__ZCU001_KPC_2__00001	pZCU001_77	C02	76609	8	11180	10207	13.323500	99.642203	100.000000	6863.000000	0.0	3	False
ZCG001.contigs	SEQ__CP166596.1_pM25992_249_IncFIB_IncHI1B_blaNDM-5__00001	pM25992_249	C03	249062	40	254036	248897	99.933751	99.852351	100.000000	83922.000000	0.0	3	True
ZCG001.contigs	SEQ__CBO001_OXA_48L__00001	pCBO001_150	C04	149728	17	75545	74685	49.880450	98.607606	100.000000	39489.000000	0.0	10	False
ZCG001.contigs	SEQ__pWW19C-KPC2_CP080110.1__00001	pWW19C-KPC2	C05	34721	5	4735	3993	11.500245	98.923011	100.000000	3744.000000	0.0	3	False
ZCG001.contigs	SEQ__PQ241463.1__00001	PQ241463.1	C06	97651	13	18773	18155	18.591719	99.989307	100.000000	7197.000000	0.0	2	False
ZCG001.contigs	SEQ__PAD003_KPC_2__00001	pPAD003_22	S01	21651	3	4452	4452	20.562561	99.932468	100.000000	4143.000000	0.0	2	False
ZCG001.contigs	SEQ__CP166597.1_pM25992_10_IncFIB_pQil_IncFII_K_blaKPC-2___00001	pM25992_107	S03	106787	12	9138	8441	7.904520	99.212193	100.000000	5419.000000	0.0	6	False
ZCG001.contigs	SEQ__VLP001_OXA_439__00001	pVLP001_339	S04	338985	38	33682	29649	8.746405	99.302318	100.000000	7686.000000	0.0	22	False
ZCG001.contigs	SEQ__MN082782.1_pPA2047__00001	pPA2047_44	S05	43660	3	1928	1186	2.716445	98.703457	100.000000	1232.000000	0.0	1	False
ZCG001.contigs	SEQ__pHdC_pae_OL780449.1__00001	pHdC_pae	S06	42750	3	4248	4248	9.936842	99.905691	100.000000	4148.000000	0.0	3	False
ZCH001.contigs	SEQ__ZDA002_KPC_2__00001	pZDA002_73	C01	73455	21	24902	24801	33.763529	98.963919	100.000000	7376.000000	0.0	18	False
ZCH001.contigs	SEQ__ZCU001_KPC_2__00001	pZCU001_77	C02	76609	6	47942	47716	62.285110	99.941574	100.000000	31852.000000	0.0	2	False
ZCH001.contigs	SEQ__CP166596.1_pM25992_249_IncFIB_IncHI1B_blaNDM-5__00001	pM25992_249	C03	249062	15	14279	14262	5.726285	99.075608	100.000000	2494.000000	0.0	13	False
ZCH001.contigs	SEQ__CBO001_OXA_48L__00001	pCBO001_150	C04	149728	7	7527	7446	4.973018	98.724683	100.000000	5049.000000	0.0	5	False
ZCH001.contigs	SEQ__pWW19C-KPC2_CP080110.1__00001	pWW19C-KPC2	C05	34721	4	11094	11094	31.951845	99.666481	99.915000	9302.000000	0.0	4	False
ZCH001.contigs	SEQ__PQ241463.1__00001	PQ241463.1	C06	97651	9	5670	5635	5.770550	99.823622	100.000000	1528.000000	0.0	5	False
ZCH001.contigs	SEQ__PAD003_KPC_2__00001	pPAD003_22	S01	21651	5	11031	11006	50.833680	99.573831	100.000000	12704.000000	0.0	4	False
ZCH001.contigs	SEQ__CP166597.1_pM25992_10_IncFIB_pQil_IncFII_K_blaKPC-2___00001	pM25992_107	S03	106787	20	34223	33311	31.193872	98.004080	100.000000	12205.000000	0.0	16	False
ZCH001.contigs	SEQ__VLP001_OXA_439__00001	pVLP001_339	S04	338985	41	34608	33769	9.961798	98.783618	100.000000	4026.000000	0.0	28	False
ZCH001.contigs	SEQ__MN082782.1_pPA2047__00001	pPA2047_44	S05	43660	2	3252	3252	7.448465	99.938574	100.000000	3823.000000	0.0	2	False
ZCH001.contigs	SEQ__pHdC_pae_OL780449.1__00001	pHdC_pae	S06	42750	5	6930	6924	16.196491	99.928138	100.000000	5228.000000	0.0	3	False
ZCS001.contigs	SEQ__ZDA002_KPC_2__00001	pZDA002_73	C01	73455	34	74700	71965	97.971547	99.825966	100.000000	19739.000000	0.0	9	True
ZCS001.contigs	SEQ__ZCU001_KPC_2__00001	pZCU001_77	C02	76609	3	5867	5866	7.657064	98.517278	100.000000	5016.000000	0.0	3	False
ZCS001.contigs	SEQ__CP166596.1_pM25992_249_IncFIB_IncHI1B_blaNDM-5__00001	pM25992_249	C03	249062	22	20851	19026	7.639062	99.467675	100.000000	7688.000000	0.0	12	False
ZCS001.contigs	SEQ__CBO001_OXA_48L__00001	pCBO001_150	C04	149728	6	16231	15923	10.634617	100.000000	100.000000	17451.000000	0.0	2	False
ZCS001.contigs	SEQ__pWW19C-KPC2_CP080110.1__00001	pWW19C-KPC2	C05	34721	4	6187	6184	17.810547	98.577431	100.000000	4700.000000	0.0	3	False
ZCS001.contigs	SEQ__PQ241463.1__00001	PQ241463.1	C06	97651	12	13364	12997	13.309644	99.827806	100.000000	7134.000000	0.0	5	False
ZCS001.contigs	SEQ__PAD003_KPC_2__00001	pPAD003_22	S01	21651	7	16605	16588	76.615399	99.482378	100.000000	14958.000000	0.0	4	True
ZCS001.contigs	SEQ__CP166597.1_pM25992_10_IncFIB_pQil_IncFII_K_blaKPC-2___00001	pM25992_107	S03	106787	16	35210	34151	31.980485	99.261589	100.000000	33863.000000	0.0	11	False
ZCS001.contigs	SEQ__VLP001_OXA_439__00001	pVLP001_339	S04	338985	31	33876	33214	9.798074	99.276845	100.000000	11138.000000	0.0	21	False
ZCS001.contigs	SEQ__MN082782.1_pPA2047__00001	pPA2047_44	S05	43660	2	9921	9921	22.723317	99.989780	100.000000	12971.000000	0.0	2	False
ZCS001.contigs	SEQ__pHdC_pae_OL780449.1__00001	pHdC_pae	S06	42750	5	8453	8452	19.770760	99.029643	100.000000	6822.000000	0.0	5	False
ZCY001.contigs	SEQ__ZDA002_KPC_2__00001	pZDA002_73	C01	73455	16	18806	18719	25.483629	99.558645	100.000000	5419.000000	0.0	10	False
ZCY001.contigs	SEQ__ZCU001_KPC_2__00001	pZCU001_77	C02	76609	3	8474	8398	10.962158	99.056204	100.000000	12091.000000	0.0	2	False
ZCY001.contigs	SEQ__CP166596.1_pM25992_249_IncFIB_IncHI1B_blaNDM-5__00001	pM25992_249	C03	249062	18	20424	20250	8.130506	99.368496	100.000000	5398.000000	0.0	12	False
ZCY001.contigs	SEQ__CBO001_OXA_48L__00001	pCBO001_150	C04	149728	12	129114	128868	86.068070	99.886584	100.000000	142800.000000	0.0	8	True
ZCY001.contigs	SEQ__pWW19C-KPC2_CP080110.1__00001	pWW19C-KPC2	C05	34721	3	4723	4723	13.602719	99.365085	99.925000	4785.000000	0.0	3	False
ZCY001.contigs	SEQ__PQ241463.1__00001	PQ241463.1	C06	97651	9	6831	6754	6.916468	99.809659	100.000000	2073.000000	0.0	6	False
ZCY001.contigs	SEQ__PAD003_KPC_2__00001	pPAD003_22	S01	21651	3	4969	4969	22.950441	99.980059	100.000000	5223.000000	0.0	2	False
ZCY001.contigs	SEQ__CP166597.1_pM25992_10_IncFIB_pQil_IncFII_K_blaKPC-2___00001	pM25992_107	S03	106787	17	33604	33140	31.033740	97.747234	100.000000	22519.000000	0.0	12	False
ZCY001.contigs	SEQ__VLP001_OXA_439__00001	pVLP001_339	S04	338985	32	35281	34558	10.194551	99.053346	100.000000	6785.000000	0.0	27	False
ZCY001.contigs	SEQ__MN082782.1_pPA2047__00001	pPA2047_44	S05	43660	1	1284	1284	2.940907	99.844000	99.844000	2361.000000	0.0	1	False
ZCY001.contigs	SEQ__pHdC_pae_OL780449.1__00001	pHdC_pae	S06	42750	5	7038	7029	16.442105	99.019801	99.965000	5228.000000	0.0	2	False
ZCZ_001_SECOND_New_assembly	SEQ__ZDA002_KPC_2__00001	pZDA002_73	C01	73455	47	73127	70885	96.501259	99.902869	100.000000	23959.000000	0.0	15	True
ZCZ_001_SECOND_New_assembly	SEQ__ZCU001_KPC_2__00001	pZCU001_77	C02	76609	11	9545	8685	11.336788	99.130479	100.000000	3823.000000	0.0	5	False
ZCZ_001_SECOND_New_assembly	SEQ__CP166596.1_pM25992_249_IncFIB_IncHI1B_blaNDM-5__00001	pM25992_249	C03	249062	49	229650	227126	91.192554	99.925483	100.000000	104400.000000	0.0	15	True
ZCZ_001_SECOND_New_assembly	SEQ__CBO001_OXA_48L__00001	pCBO001_150	C04	149728	19	18990	17901	11.955680	99.673518	100.000000	17169.000000	0.0	7	False
ZCZ_001_SECOND_New_assembly	SEQ__pWW19C-KPC2_CP080110.1__00001	pWW19C-KPC2	C05	34721	11	7648	6788	19.550128	98.810102	100.000000	3823.000000	0.0	4	False
ZCZ_001_SECOND_New_assembly	SEQ__PQ241463.1__00001	PQ241463.1	C06	97651	18	18466	18463	18.907128	99.945874	100.000000	7511.000000	0.0	7	False
ZCZ_001_SECOND_New_assembly	SEQ__PAD003_KPC_2__00001	pPAD003_22	S01	21651	16	17019	16155	74.615491	99.806289	100.000000	14957.000000	0.0	7	True
ZCZ_001_SECOND_New_assembly	SEQ__CP166597.1_pM25992_10_IncFIB_pQil_IncFII_K_blaKPC-2___00001	pM25992_107	S03	106787	16	34908	33642	31.503835	99.301246	100.000000	33720.000000	0.0	10	False
ZCZ_001_SECOND_New_assembly	SEQ__VLP001_OXA_439__00001	pVLP001_339	S04	338985	47	46037	45256	13.350443	99.261500	100.000000	9156.000000	0.0	29	False
ZCZ_001_SECOND_New_assembly	SEQ__MN082782.1_pPA2047__00001	pPA2047_44	S05	43660	3	11207	11207	25.668804	99.660818	100.000000	12971.000000	0.0	3	False
ZCZ_001_SECOND_New_assembly	SEQ__pHdC_pae_OL780449.1__00001	pHdC_pae	S06	42750	12	8551	7691	17.990643	99.614126	100.000000	2804.000000	0.0	6	False
ZDD001.contigs	SEQ__ZDA002_KPC_2__00001	pZDA002_73	C01	73455	12	11589	11575	15.757947	99.603150	100.000000	3511.000000	0.0	9	False
ZDD001.contigs	SEQ__ZCU001_KPC_2__00001	pZCU001_77	C02	76609	3	7880	7801	10.182877	98.286772	100.000000	8010.000000	0.0	2	False
ZDD001.contigs	SEQ__CP166596.1_pM25992_249_IncFIB_IncHI1B_blaNDM-5__00001	pM25992_249	C03	249062	16	32983	32830	13.181457	99.733229	100.000000	14929.000000	0.0	9	False
ZDD001.contigs	SEQ__CBO001_OXA_48L__00001	pCBO001_150	C04	149728	5	11272	11258	7.518968	99.893625	100.000000	12515.000000	0.0	2	False
ZDD001.contigs	SEQ__pWW19C-KPC2_CP080110.1__00001	pWW19C-KPC2	C05	34721	1	720	720	2.073673	99.583000	99.583000	1314.000000	0.0	1	False
ZDD001.contigs	SEQ__PQ241463.1__00001	PQ241463.1	C06	97651	17	98803	97253	99.592426	99.945338	100.000000	56054.000000	0.0	3	True
ZDD001.contigs	SEQ__PAD003_KPC_2__00001	pPAD003_22	S01	21651	4	11521	11501	53.119948	99.895730	100.000000	14680.000000	0.0	1	False
ZDD001.contigs	SEQ__CP166597.1_pM25992_10_IncFIB_pQil_IncFII_K_blaKPC-2___00001	pM25992_107	S03	106787	5	5895	5891	5.516589	98.948383	100.000000	3731.000000	0.0	4	False
ZDD001.contigs	SEQ__VLP001_OXA_439__00001	pVLP001_339	S04	338985	23	17080	16157	4.766288	99.151107	100.000000	7686.000000	0.0	15	False
ZDD001.contigs	SEQ__MN082782.1_pPA2047__00001	pPA2047_44	S05	43660	0	0	0	0.000000	0.000000	0.000000	0.000000		0	False
ZDD001.contigs	SEQ__pHdC_pae_OL780449.1__00001	pHdC_pae	S06	42750	2	1661	1661	3.885380	99.698928	99.704000	1855.000000	0.0	2	False
ZDL004.contigs	SEQ__ZDA002_KPC_2__00001	pZDA002_73	C01	73455	19	18907	18634	25.367912	99.259482	100.000000	5413.000000	0.0	11	False
ZDL004.contigs	SEQ__ZCU001_KPC_2__00001	pZCU001_77	C02	76609	11	67467	66835	87.241708	99.817454	100.000000	60826.000000	0.0	5	True
ZDL004.contigs	SEQ__CP166596.1_pM25992_249_IncFIB_IncHI1B_blaNDM-5__00001	pM25992_249	C03	249062	21	27566	26540	10.655981	99.394188	100.000000	7688.000000	0.0	14	False
ZDL004.contigs	SEQ__CBO001_OXA_48L__00001	pCBO001_150	C04	149728	9	9339	9260	6.184548	98.522352	100.000000	5112.000000	0.0	7	False
ZDL004.contigs	SEQ__pWW19C-KPC2_CP080110.1__00001	pWW19C-KPC2	C05	34721	6	8784	8632	24.861035	99.077887	100.000000	4787.000000	0.0	4	False
ZDL004.contigs	SEQ__PQ241463.1__00001	PQ241463.1	C06	97651	12	11861	11618	11.897472	99.704779	100.000000	7134.000000	0.0	7	False
ZDL004.contigs	SEQ__PAD003_KPC_2__00001	pPAD003_22	S01	21651	6	8833	8748	40.404600	99.954850	100.000000	5361.000000	0.0	4	False
ZDL004.contigs	SEQ__CP166597.1_pM25992_10_IncFIB_pQil_IncFII_K_blaKPC-2___00001	pM25992_107	S03	106787	20	35502	35017	32.791445	97.884881	100.000000	22519.000000	0.0	13	False
ZDL004.contigs	SEQ__VLP001_OXA_439__00001	pVLP001_339	S04	338985	30	44200	40559	11.964836	98.737589	100.000000	13125.000000	0.0	23	False
ZDL004.contigs	SEQ__MN082782.1_pPA2047__00001	pPA2047_44	S05	43660	2	2901	2900	6.642235	98.655945	99.813000	2940.000000	0.0	2	False
ZDL004.contigs	SEQ__pHdC_pae_OL780449.1__00001	pHdC_pae	S06	42750	7	7755	7589	17.752047	99.909749	100.000000	5361.000000	0.0	5	False
ZEB001.contigs	SEQ__ZDA002_KPC_2__00001	pZDA002_73	C01	73455	9	10790	10785	14.682459	99.740584	100.000000	6926.000000	0.0	9	False
ZEB001.contigs	SEQ__ZCU001_KPC_2__00001	pZCU001_77	C02	76609	3	6999	6999	9.136002	98.742500	99.949000	5007.000000	0.0	3	False
ZEB001.contigs	SEQ__CP166596.1_pM25992_249_IncFIB_IncHI1B_blaNDM-5__00001	pM25992_249	C03	249062	4	5599	5597	2.247232	99.553655	99.926000	4213.000000	0.0	4	False
ZEB001.contigs	SEQ__CBO001_OXA_48L__00001	pCBO001_150	C04	149728	3	4276	4276	2.855845	99.906345	100.000000	6953.000000	0.0	3	False
ZEB001.contigs	SEQ__pWW19C-KPC2_CP080110.1__00001	pWW19C-KPC2	C05	34721	5	12905	12828	36.945940	99.325843	100.000000	9520.000000	0.0	4	False
ZEB001.contigs	SEQ__PQ241463.1__00001	PQ241463.1	C06	97651	2	2202	2200	2.252921	99.409711	99.880000	2457.000000	0.0	2	False
ZEB001.contigs	SEQ__PAD003_KPC_2__00001	pPAD003_22	S01	21651	4	7677	7677	35.457947	99.010076	100.000000	8704.000000	0.0	4	False
ZEB001.contigs	SEQ__CP166597.1_pM25992_10_IncFIB_pQil_IncFII_K_blaKPC-2___00001	pM25992_107	S03	106787	4	4273	4273	4.001423	99.882672	99.949000	3648.000000	0.0	4	False
ZEB001.contigs	SEQ__VLP001_OXA_439__00001	pVLP001_339	S04	338985	10	19193	19193	5.661902	98.619425	100.000000	12224.000000	0.0	10	False
ZEB001.contigs	SEQ__MN082782.1_pPA2047__00001	pPA2047_44	S05	43660	1	1978	1978	4.530463	99.949000	99.949000	3648.000000	0.0	1	False
ZEB001.contigs	SEQ__pHdC_pae_OL780449.1__00001	pHdC_pae	S06	42750	6	10223	10139	23.716959	98.249119	100.000000	6564.000000	0.0	4	False
ZEI001.contigs	SEQ__ZDA002_KPC_2__00001	pZDA002_73	C01	73455	25	24484	22590	30.753523	98.701257	100.000000	12320.000000	0.0	12	False
ZEI001.contigs	SEQ__ZCU001_KPC_2__00001	pZCU001_77	C02	76609	1	1659	1659	2.165542	100.000000	100.000000	3064.000000	0.0	1	False
ZEI001.contigs	SEQ__CP166596.1_pM25992_249_IncFIB_IncHI1B_blaNDM-5__00001	pM25992_249	C03	249062	19	18873	18407	7.390529	99.459494	100.000000	6205.000000	0.0	10	False
ZEI001.contigs	SEQ__CBO001_OXA_48L__00001	pCBO001_150	C04	149728	3	2121	2121	1.416569	99.858634	100.000000	1360.000000	0.0	3	False
ZEI001.contigs	SEQ__pWW19C-KPC2_CP080110.1__00001	pWW19C-KPC2	C05	34721	1	275	273	0.786268	99.273000	99.273000	496.000000	1.43e-139	1	False
ZEI001.contigs	SEQ__PQ241463.1__00001	PQ241463.1	C06	97651	13	13069	12699	13.004475	99.800985	100.000000	6205.000000	0.0	5	False
ZEI001.contigs	SEQ__PAD003_KPC_2__00001	pPAD003_22	S01	21651	1	736	736	3.399381	100.000000	100.000000	1360.000000	0.0	1	False
ZEI001.contigs	SEQ__CP166597.1_pM25992_10_IncFIB_pQil_IncFII_K_blaKPC-2___00001	pM25992_107	S03	106787	9	6230	5941	5.563411	97.191010	100.000000	2303.000000	0.0	8	False
ZEI001.contigs	SEQ__VLP001_OXA_439__00001	pVLP001_339	S04	338985	31	30173	29357	8.660265	99.244405	100.000000	6253.000000	0.0	16	False
ZEI001.contigs	SEQ__MN082782.1_pPA2047__00001	pPA2047_44	S05	43660	1	1015	1015	2.324782	97.734000	97.734000	1748.000000	0.0	1	False
ZEI001.contigs	SEQ__pHdC_pae_OL780449.1__00001	pHdC_pae	S06	42750	3	1521	1367	3.197661	99.671226	100.000000	1299.000000	0.0	1	False
ZET001.contigs	SEQ__ZDA002_KPC_2__00001	pZDA002_73	C01	73455	43	67503	62463	85.035736	99.725825	100.000000	24251.000000	0.0	9	True
ZET001.contigs	SEQ__ZCU001_KPC_2__00001	pZCU001_77	C02	76609	4	7513	7509	9.801720	98.881970	100.000000	5011.000000	0.0	3	False
ZET001.contigs	SEQ__CP166596.1_pM25992_249_IncFIB_IncHI1B_blaNDM-5__00001	pM25992_249	C03	249062	22	19994	18925	7.598510	99.564861	100.000000	7683.000000	0.0	12	False
ZET001.contigs	SEQ__CBO001_OXA_48L__00001	pCBO001_150	C04	149728	4	6782	6704	4.477452	99.985515	100.000000	9064.000000	0.0	3	False
ZET001.contigs	SEQ__pWW19C-KPC2_CP080110.1__00001	pWW19C-KPC2	C05	34721	4	6182	6179	17.796146	98.592738	100.000000	4697.000000	0.0	3	False
ZET001.contigs	SEQ__PQ241463.1__00001	PQ241463.1	C06	97651	12	13364	12997	13.309644	99.790580	100.000000	7129.000000	0.0	5	False
ZET001.contigs	SEQ__PAD003_KPC_2__00001	pPAD003_22	S01	21651	5	7298	7297	33.702831	98.876668	100.000000	6545.000000	0.0	5	False
ZET001.contigs	SEQ__CP166597.1_pM25992_10_IncFIB_pQil_IncFII_K_blaKPC-2___00001	pM25992_107	S03	106787	18	36070	35043	32.815792	98.344864	100.000000	21257.000000	0.0	11	False
ZET001.contigs	SEQ__VLP001_OXA_439__00001	pVLP001_339	S04	338985	32	32185	31249	9.218402	99.192252	100.000000	9299.000000	0.0	20	False
ZET001.contigs	SEQ__MN082782.1_pPA2047__00001	pPA2047_44	S05	43660	2	9914	9914	22.707284	100.000000	100.000000	12971.000000	0.0	2	False
ZET001.contigs	SEQ__pHdC_pae_OL780449.1__00001	pHdC_pae	S06	42750	6	8531	8453	19.773099	99.038766	100.000000	6824.000000	0.0	5	False
ZEU001.contigs	SEQ__ZDA002_KPC_2__00001	pZDA002_73	C01	73455	19	17965	17812	24.248860	98.875661	100.000000	6516.000000	0.0	13	False
ZEU001.contigs	SEQ__ZCU001_KPC_2__00001	pZCU001_77	C02	76609	11	67947	67258	87.793862	99.757030	100.000000	60826.000000	0.0	5	True
ZEU001.contigs	SEQ__CP166596.1_pM25992_249_IncFIB_IncHI1B_blaNDM-5__00001	pM25992_249	C03	249062	17	17730	17438	7.001470	99.610740	100.000000	6205.000000	0.0	11	False
ZEU001.contigs	SEQ__CBO001_OXA_48L__00001	pCBO001_150	C04	149728	7	7964	7933	5.298274	98.468368	100.000000	6545.000000	0.0	5	False
ZEU001.contigs	SEQ__pWW19C-KPC2_CP080110.1__00001	pWW19C-KPC2	C05	34721	5	12256	12166	35.039313	99.347096	100.000000	9640.000000	0.0	4	False
ZEU001.contigs	SEQ__PQ241463.1__00001	PQ241463.1	C06	97651	11	11173	10892	11.154008	99.740313	100.000000	6205.000000	0.0	5	False
ZEU001.contigs	SEQ__PAD003_KPC_2__00001	pPAD003_22	S01	21651	5	12464	12358	57.078195	99.991976	100.000000	18137.000000	0.0	3	False
ZEU001.contigs	SEQ__CP166597.1_pM25992_10_IncFIB_pQil_IncFII_K_blaKPC-2___00001	pM25992_107	S03	106787	8	8144	8114	7.598303	98.636951	100.000000	3823.000000	0.0	6	False
ZEU001.contigs	SEQ__VLP001_OXA_439__00001	pVLP001_339	S04	338985	37	43255	42352	12.493768	99.486796	100.000000	8078.000000	0.0	24	False
ZEU001.contigs	SEQ__MN082782.1_pPA2047__00001	pPA2047_44	S05	43660	3	3666	3666	8.396702	98.608950	100.000000	3823.000000	0.0	3	False
ZEU001.contigs	SEQ__pHdC_pae_OL780449.1__00001	pHdC_pae	S06	42750	6	7481	7392	17.291228	99.853175	100.000000	6974.000000	0.0	4	False
ZEU002.contigs	SEQ__ZDA002_KPC_2__00001	pZDA002_73	C01	73455	30	39819	37880	51.568988	99.126066	100.000000	13814.000000	0.0	14	False
ZEU002.contigs	SEQ__ZCU001_KPC_2__00001	pZCU001_77	C02	76609	2	8826	8824	11.518229	99.218460	100.000000	12091.000000	0.0	2	False
ZEU002.contigs	SEQ__CP166596.1_pM25992_249_IncFIB_IncHI1B_blaNDM-5__00001	pM25992_249	C03	249062	62	200972	197500	79.297524	98.012597	100.000000	42215.000000	0.0	28	True
ZEU002.contigs	SEQ__CBO001_OXA_48L__00001	pCBO001_150	C04	149728	9	7105	6951	4.642418	99.437193	100.000000	5049.000000	0.0	6	False
ZEU002.contigs	SEQ__pWW19C-KPC2_CP080110.1__00001	pWW19C-KPC2	C05	34721	4	5536	5459	15.722473	99.476382	100.000000	4785.000000	0.0	2	False
ZEU002.contigs	SEQ__PQ241463.1__00001	PQ241463.1	C06	97651	14	8611	8005	8.197561	99.047821	100.000000	3001.000000	0.0	6	False
ZEU002.contigs	SEQ__PAD003_KPC_2__00001	pPAD003_22	S01	21651	6	7193	7039	32.511200	99.986225	100.000000	5223.000000	0.0	3	False
ZEU002.contigs	SEQ__CP166597.1_pM25992_10_IncFIB_pQil_IncFII_K_blaKPC-2___00001	pM25992_107	S03	106787	77	75394	62920	58.921030	98.212067	100.000000	25503.000000	0.0	18	False
ZEU002.contigs	SEQ__VLP001_OXA_439__00001	pVLP001_339	S04	338985	33	26612	25880	7.634556	98.696058	100.000000	4032.000000	0.0	24	False
ZEU002.contigs	SEQ__MN082782.1_pPA2047__00001	pPA2047_44	S05	43660	2	9921	9921	22.723317	99.989780	100.000000	12971.000000	0.0	2	False
ZEU002.contigs	SEQ__pHdC_pae_OL780449.1__00001	pHdC_pae	S06	42750	6	7544	7458	17.445614	99.218089	100.000000	5228.000000	0.0	3	False
ZEV013.contigs	SEQ__ZDA002_KPC_2__00001	pZDA002_73	C01	73455	19	27001	26869	36.578858	99.103770	100.000000	15082.000000	0.0	13	False
ZEV013.contigs	SEQ__ZCU001_KPC_2__00001	pZCU001_77	C02	76609	14	76036	75057	97.974128	99.932785	100.000000	84638.000000	0.0	5	True
ZEV013.contigs	SEQ__CP166596.1_pM25992_249_IncFIB_IncHI1B_blaNDM-5__00001	pM25992_249	C03	249062	17	19684	19478	7.820543	99.238006	100.000000	5747.000000	0.0	14	False
ZEV013.contigs	SEQ__CBO001_OXA_48L__00001	pCBO001_150	C04	149728	10	9439	9353	6.246661	98.855654	100.000000	4695.000000	0.0	8	False
ZEV013.contigs	SEQ__pWW19C-KPC2_CP080110.1__00001	pWW19C-KPC2	C05	34721	3	15220	15220	43.835143	99.960418	100.000000	16746.000000	0.0	3	False
ZEV013.contigs	SEQ__PQ241463.1__00001	PQ241463.1	C06	97651	8	5599	5599	5.733684	99.749902	100.000000	1528.000000	0.0	8	False
ZEV013.contigs	SEQ__PAD003_KPC_2__00001	pPAD003_22	S01	21651	7	11534	11524	53.226179	99.661946	100.000000	8765.000000	0.0	6	False
ZEV013.contigs	SEQ__CP166597.1_pM25992_10_IncFIB_pQil_IncFII_K_blaKPC-2___00001	pM25992_107	S03	106787	22	31509	30691	28.740390	97.394439	100.000000	13189.000000	0.0	17	False
ZEV013.contigs	SEQ__VLP001_OXA_439__00001	pVLP001_339	S04	338985	37	37958	37503	11.063321	98.661765	100.000000	4239.000000	0.0	30	False
ZEV013.contigs	SEQ__MN082782.1_pPA2047__00001	pPA2047_44	S05	43660	2	3202	3202	7.333944	99.937615	100.000000	3731.000000	0.0	2	False
ZEV013.contigs	SEQ__pHdC_pae_OL780449.1__00001	pHdC_pae	S06	42750	6	7630	7612	17.805848	99.567473	100.000000	4783.000000	0.0	3	False
ZEV015.contigs	SEQ__ZDA002_KPC_2__00001	pZDA002_73	C01	73455	43	66760	63077	85.871622	99.836625	100.000000	19895.000000	0.0	8	True
ZEV015.contigs	SEQ__ZCU001_KPC_2__00001	pZCU001_77	C02	76609	4	6897	6897	9.002859	99.405562	100.000000	5011.000000	0.0	4	False
ZEV015.contigs	SEQ__CP166596.1_pM25992_249_IncFIB_IncHI1B_blaNDM-5__00001	pM25992_249	C03	249062	31	23112	20218	8.117657	99.277515	100.000000	6907.000000	0.0	12	False
ZEV015.contigs	SEQ__CBO001_OXA_48L__00001	pCBO001_150	C04	149728	9	7016	6630	4.428029	99.971718	100.000000	6495.000000	0.0	3	False
ZEV015.contigs	SEQ__pWW19C-KPC2_CP080110.1__00001	pWW19C-KPC2	C05	34721	5	5875	5797	16.695948	99.200107	100.000000	4697.000000	0.0	3	False
ZEV015.contigs	SEQ__PQ241463.1__00001	PQ241463.1	C06	97651	16	13855	13239	13.557465	99.790805	100.000000	6907.000000	0.0	6	False
ZEV015.contigs	SEQ__PAD003_KPC_2__00001	pPAD003_22	S01	21651	8	8269	7962	36.774283	98.996231	100.000000	6069.000000	0.0	4	False
ZEV015.contigs	SEQ__CP166597.1_pM25992_10_IncFIB_pQil_IncFII_K_blaKPC-2___00001	pM25992_107	S03	106787	23	43735	41573	38.930769	98.660066	100.000000	31059.000000	0.0	9	False
ZEV015.contigs	SEQ__VLP001_OXA_439__00001	pVLP001_339	S04	338985	35	31539	30343	8.951134	99.270744	100.000000	9297.000000	0.0	19	False
ZEV015.contigs	SEQ__MN082782.1_pPA2047__00001	pPA2047_44	S05	43660	2	9920	9919	22.718736	99.979867	99.986000	12962.000000	0.0	2	False
ZEV015.contigs	SEQ__pHdC_pae_OL780449.1__00001	pHdC_pae	S06	42750	8	9084	8850	20.701754	99.075408	100.000000	6067.000000	0.0	4	False
ZEV019.contigs	SEQ__ZDA002_KPC_2__00001	pZDA002_73	C01	73455	21	27437	26869	36.578858	99.070593	100.000000	9095.000000	0.0	13	False
ZEV019.contigs	SEQ__ZCU001_KPC_2__00001	pZCU001_77	C02	76609	14	76029	75051	97.966296	99.934133	100.000000	84638.000000	0.0	5	True
ZEV019.contigs	SEQ__CP166596.1_pM25992_249_IncFIB_IncHI1B_blaNDM-5__00001	pM25992_249	C03	249062	17	19863	19667	7.896427	99.269956	100.000000	5777.000000	0.0	14	False
ZEV019.contigs	SEQ__CBO001_OXA_48L__00001	pCBO001_150	C04	149728	10	9439	9353	6.246661	98.855654	100.000000	4695.000000	0.0	8	False
ZEV019.contigs	SEQ__pWW19C-KPC2_CP080110.1__00001	pWW19C-KPC2	C05	34721	3	15220	15220	43.835143	99.960418	100.000000	16746.000000	0.0	3	False
ZEV019.contigs	SEQ__PQ241463.1__00001	PQ241463.1	C06	97651	8	5599	5599	5.733684	99.749902	100.000000	1528.000000	0.0	8	False
ZEV019.contigs	SEQ__PAD003_KPC_2__00001	pPAD003_22	S01	21651	7	11534	11524	53.226179	99.661946	100.000000	8765.000000	0.0	6	False
ZEV019.contigs	SEQ__CP166597.1_pM25992_10_IncFIB_pQil_IncFII_K_blaKPC-2___00001	pM25992_107	S03	106787	22	31403	30691	28.740390	97.423865	100.000000	13189.000000	0.0	17	False
ZEV019.contigs	SEQ__VLP001_OXA_439__00001	pVLP001_339	S04	338985	37	38244	37800	11.150936	98.920227	100.000000	4202.000000	0.0	30	False
ZEV019.contigs	SEQ__MN082782.1_pPA2047__00001	pPA2047_44	S05	43660	2	3202	3202	7.333944	99.937615	100.000000	3731.000000	0.0	2	False
ZEV019.contigs	SEQ__pHdC_pae_OL780449.1__00001	pHdC_pae	S06	42750	6	7630	7612	17.805848	99.567473	100.000000	4783.000000	0.0	3	False
